gamekey,date,seasontype,season,week,team,opponent,home_away,points_for,points_against,totalscore,stadium,scorequarter1,scorequarter2,scorequarter3,scorequarter4,scoreovertime,timeofpossessionminutes,timeofpossessionseconds,timeofpossession,firstdowns,firstdownsbyrushing,firstdownsbypassing,firstdownsbypenalty,offensiveplays,offensiveyards,offensiveyardsperplay,touchdowns,rushingattempts,rushingyards,rushingyardsperattempt,rushingtouchdowns,passingattempts,passingcompletions,passingyards,passingtouchdowns,passinginterceptions,passingyardsperattempt,passingyardspercompletion,completionpercentage,passerrating,thirddownattempts,thirddownconversions,thirddownpercentage,fourthdownattempts,fourthdownconversions,fourthdownpercentage,redzoneattempts,redzoneconversions,goaltogoattempts,goaltogoconversions,penalties,penaltyyards,fumbles,fumbleslost,timessacked,timessackedyards,quarterbackhits,tacklesforloss,punts,puntyards,puntaverage,giveaways,takeaways,turnoverdifferential,opponentscorequarter1,opponentscorequarter2,opponentscorequarter3,opponentscorequarter4,opponentscoreovertime,opponenttimeofpossessionminutes,opponenttimeofpossessionseconds,opponenttimeofpossession,opponentfirstdowns,opponentfirstdownsbyrushing,opponentfirstdownsbypassing,opponentfirstdownsbypenalty,opponentoffensiveplays,opponentoffensiveyards,opponentoffensiveyardsperplay,opponenttouchdowns,opponentrushingattempts,opponentrushingyards,opponentrushingyardsperattempt,opponentrushingtouchdowns,opponentpassingattempts,opponentpassingcompletions,opponentpassingyards,opponentpassingtouchdowns,opponentpassinginterceptions,opponentpassingyardsperattempt,opponentpassingyardspercompletion,opponentcompletionpercentage,opponentpasserrating,opponentthirddownattempts,opponentthirddownconversions,opponentthirddownpercentage,opponentfourthdownattempts,opponentfourthdownconversions,opponentfourthdownpercentage,opponentredzoneattempts,opponentredzoneconversions,opponentgoaltogoattempts,opponentgoaltogoconversions,opponentpenalties,opponentpenaltyyards,opponentfumbles,opponentfumbleslost,opponenttimessacked,opponenttimessackedyards,opponentquarterbackhits,opponenttacklesforloss,opponentpunts,opponentpuntyards,opponentpuntaverage,opponentgiveaways,opponenttakeaways,opponentturnoverdifferential,redzonepercentage,goaltogopercentage,opponentredzonepercentage,opponentgoaltogopercentage,extrapointkickingattempts,extrapointkickingconversions,extrapointshadblocked,extrapointpassingattempts,extrapointpassingconversions,extrapointrushingattempts,extrapointrushingconversions,fieldgoalattempts,fieldgoalsmade,opponentextrapointkickingattempts,opponentextrapointkickingconversions,opponentextrapointshadblocked,opponentextrapointpassingattempts,opponentextrapointpassingconversions,opponentextrapointrushingattempts,opponentextrapointrushingconversions,opponentfieldgoalattempts,opponentfieldgoalsmade,solotackles,assistedtackles,sacks,sackyards,passesdefended,fumblesforced,fumblesrecovered,opponentsolotackles,opponentassistedtackles,opponentsacks,opponentsackyards,opponentpassesdefended,opponentfumblesforced,opponentfumblesrecovered,dayofweek,teamgameid,teamid,opponentid,scoreid,point_diff,win,turnover_diff,third_down_pct,home,nflverse_game_id,off_epa_per_play,off_success_rate,off_dropback_epa,off_rush_epa,def_epa_per_play,def_success_rate,def_dropback_epa_against,def_rush_epa_against,rolling_points_for_3,rolling_points_against_3,rolling_point_diff_3,rolling_yards_total_3,rolling_yards_allowed_3,rolling_turnover_diff_3,rolling_third_down_pct_3,rolling_win_rate_5,cumulative_points_for,cumulative_points_against,cumulative_wins,off_epa_per_play_rolling_3,off_success_rate_rolling_3,off_dropback_epa_rolling_3,off_rush_epa_rolling_3,def_epa_per_play_rolling_3,def_success_rate_rolling_3,def_dropback_epa_against_rolling_3,def_rush_epa_against_rolling_3,off_epa_per_play_rolling_5,def_epa_per_play_rolling_5
202510102.0,2025-09-07T13:00:00,1,2025,1,ATL,TB,HOME,20.0,23.0,43.0,Mercedes-Benz Stadium,7.0,3.0,3.0,7.0,0.0,,,35:12,,,,,,,,,,,,,,,,,,,,,,,,,,,,,,,,,,,,,,,,,,,,,,0.0,10.0,7.0,6.0,0.0,,,24:48,,,,,,,,,,,,,,,,,,,,,,,,,,,,,,,,,,,,,,,,,,,,,,,,,,,,,,,,,,,,,,,,,,,,,,,,,,,,,,,,,,Sunday,993005136.0,2,33,,-3.0,0,,,,,,,,,,,,,,,,,,,,,,,,,,,,,,,,,
202510220.0,2025-09-14T20:20:00,1,2025,2,ATL,MIN,AWAY,22.0,6.0,28.0,U.S. Bank Stadium,6.0,3.0,3.0,10.0,0.0,35.0,12.0,36:32,23.0,4.0,16.0,3.0,71.0,358.0,5.0,2.0,28.0,69.0,2.5,1.0,42.0,27.0,289.0,1.0,0.0,6.9,10.7,64.3,92.26,15.0,6.0,40.0,4.0,3.0,75.0,2.0,1.0,0.0,0.0,8.0,55.0,1.0,0.0,1.0,9.0,3.0,2.0,3.0,140.0,46.7,0.0,0.0,0.0,0.0,6.0,0.0,0.0,0.0,24.0,48.0,23:28,16.0,5.0,10.0,1.0,56.0,260.0,4.6,3.0,23.0,101.0,4.4,0.0,32.0,17.0,159.0,3.0,0.0,5.0,9.4,53.1,98.31,14.0,7.0,50.0,1.0,1.0,100.0,1.0,1.0,0.0,0.0,5.0,60.0,0.0,0.0,1.0,8.0,5.0,7.0,4.0,205.0,51.2,0.0,0.0,0.0,50.0,0.0,100.0,0.0,2.0,2.0,0.0,0.0,0.0,0.0,0.0,3.0,2.0,3.0,2.0,0.0,0.0,0.0,0.0,0.0,2.0,1.0,26.0,27.0,1.0,8.0,7.0,0.0,0.0,43.0,27.0,1.0,9.0,7.0,0.0,0.0,Sunday,993005175.0,2,20,19055.0,16.0,1,0.0,0.4,0.0,,0.0108816260338961,0.4725274725274725,0.3540741427802009,-0.517469756485904,0.0760879580777993,0.4189189189189189,0.2989423833589029,-0.1791379283776653,20.0,23.0,-3.0,358.0,260.0,0.0,0.4,0.0,20.0,23.0,0.0,0.0108816260338961,0.4725274725274725,0.3540741427802009,-0.517469756485904,0.0760879580777993,0.4189189189189189,0.2989423833589029,-0.1791379283776653,0.0108816260338961,0.0760879580777993
202510305.0,2025-09-21T13:00:00,1,2025,3,ATL,CAR,AWAY,0.0,30.0,30.0,Bank of America Stadium,0.0,0.0,0.0,0.0,0.0,36.0,32.0,28:02,19.0,12.0,5.0,2.0,63.0,326.0,5.2,1.0,39.0,218.0,5.6,1.0,21.0,13.0,108.0,0.0,0.0,5.1,8.3,61.9,75.1,15.0,6.0,40.0,0.0,0.0,0.0,5.0,1.0,0.0,0.0,5.0,29.0,1.0,1.0,3.0,27.0,11.0,5.0,3.0,137.0,45.7,1.0,4.0,3.0,7.0,3.0,10.0,10.0,0.0,23.0,28.0,31:58,10.0,3.0,7.0,0.0,46.0,198.0,4.3,0.0,19.0,78.0,4.1,0.0,21.0,11.0,120.0,0.0,2.0,5.7,10.9,52.4,29.96,11.0,4.0,36.4,2.0,1.0,50.0,1.0,0.0,0.0,0.0,8.0,50.0,4.0,2.0,6.0,38.0,5.0,6.0,4.0,204.0,51.0,4.0,1.0,-3.0,20.0,0.0,0.0,0.0,1.0,1.0,0.0,0.0,0.0,0.0,0.0,5.0,5.0,0.0,0.0,0.0,0.0,0.0,0.0,0.0,2.0,2.0,29.0,28.0,6.0,38.0,4.0,1.0,2.0,40.0,32.0,3.0,27.0,1.0,1.0,1.0,Sunday,993005195.0,2,5,19096.0,-30.0,0,3.0,0.4,0.0,,0.0119476400013606,0.4756097560975609,-0.3471439891980695,0.1742421003618377,-0.3688922837752705,0.3846153846153846,-0.6061799763949279,-0.1970728614833206,21.0,14.5,6.5,342.0,229.0,1.5,0.4,0.5,42.0,29.0,1.0,0.01141463301762835,0.4740686143125167,0.0034650767910656965,-0.17161382806203312,-0.14640216284873558,0.4017671517671517,-0.15361879651801252,-0.18810539493049294,0.01141463301762835,-0.14640216284873558
202510402.0,2025-09-28T13:00:00,1,2025,4,ATL,WAS,HOME,34.0,27.0,61.0,Mercedes-Benz Stadium,10.0,7.0,14.0,3.0,0.0,28.0,2.0,34:15,17.0,6.0,11.0,0.0,66.0,332.0,5.0,0.0,23.0,131.0,5.7,0.0,43.0,23.0,201.0,0.0,2.0,4.7,8.7,53.5,46.75,13.0,5.0,38.5,3.0,0.0,0.0,0.0,0.0,0.0,0.0,3.0,23.0,1.0,1.0,0.0,0.0,3.0,4.0,3.0,96.0,32.0,3.0,1.0,-2.0,0.0,10.0,6.0,11.0,0.0,31.0,58.0,25:45,15.0,7.0,7.0,1.0,55.0,224.0,4.1,3.0,30.0,110.0,3.7,2.0,24.0,16.0,114.0,0.0,0.0,4.8,7.1,66.7,77.43,11.0,3.0,27.3,2.0,2.0,100.0,3.0,2.0,0.0,0.0,6.0,55.0,1.0,1.0,1.0,7.0,2.0,2.0,3.0,135.0,45.0,1.0,3.0,2.0,0.0,0.0,66.7,0.0,0.0,0.0,0.0,0.0,0.0,0.0,0.0,2.0,0.0,3.0,3.0,0.0,0.0,0.0,0.0,0.0,3.0,3.0,36.0,22.0,1.0,7.0,3.0,0.0,1.0,38.0,20.0,0.0,0.0,3.0,1.0,1.0,Sunday,993005226.0,2,35,19100.0,7.0,1,-2.0,0.385,0.0,,-0.3787774387921672,0.3375,-0.5007859013723877,0.0073691927827894,0.0672119514564101,0.5277777777777778,0.0231019231300291,-0.0358217840257566,14.0,19.7,-5.7,338.6666666666667,227.33333333333334,0.333,0.395,0.333,42.0,59.0,1.0,-0.11864939091897016,0.4285457428750112,-0.16461858259675208,-0.11195282111375897,-0.07519745808035369,0.4437706937706938,-0.09471188996866531,-0.13734419129558081,-0.11864939091897016,-0.07519745808035369
202510602.0,2025-10-13T19:15:00,1,2025,6,ATL,BUF,HOME,24.0,14.0,38.0,Mercedes-Benz Stadium,14.0,7.0,0.0,3.0,0.0,34.0,15.0,31:39,24.0,9.0,14.0,1.0,64.0,435.0,6.8,4.0,37.0,128.0,3.5,2.0,26.0,20.0,307.0,2.0,1.0,11.8,15.4,76.9,125.0,12.0,6.0,50.0,1.0,1.0,100.0,6.0,4.0,0.0,0.0,5.0,45.0,2.0,0.0,1.0,6.0,6.0,4.0,2.0,92.0,46.0,1.0,1.0,0.0,7.0,0.0,7.0,0.0,0.0,25.0,45.0,28:21,17.0,7.0,8.0,2.0,51.0,294.0,5.8,2.0,22.0,147.0,6.7,0.0,27.0,16.0,147.0,2.0,1.0,5.4,9.2,59.3,83.41,8.0,1.0,12.5,2.0,2.0,100.0,1.0,1.0,0.0,0.0,6.0,50.0,4.0,0.0,2.0,9.0,2.0,7.0,2.0,89.0,44.5,1.0,1.0,0.0,66.7,0.0,100.0,0.0,4.0,4.0,0.0,0.0,0.0,0.0,0.0,2.0,2.0,1.0,1.0,0.0,2.0,1.0,0.0,0.0,4.0,4.0,30.0,26.0,2.0,9.0,3.0,2.0,0.0,34.0,40.0,1.0,6.0,1.0,1.0,0.0,Monday,993005300.0,2,4,19116.0,10.0,1,0.0,0.5,0.0,,0.2091764837060362,0.5421686746987951,0.6952851087395392,-0.0886446929659744,0.1680928117305812,0.5405405405405406,0.1866315746055142,0.0653710442074086,18.7,21.0,-2.3,364.3333333333333,238.66666666666666,0.333,0.428,0.5,76.0,86.0,2.0,-0.052551105028256793,0.4517594769321187,-0.0508815939436393,0.030988866726217573,-0.0445291735294264,0.48431123431123435,-0.13214882621979487,-0.055841200433889536,-0.03669292226271857,-0.014374890627619971
202510731.0,2025-10-19T20:20:00,1,2025,7,ATL,SF,AWAY,10.0,20.0,30.0,Levi's Stadium,0.0,3.0,7.0,0.0,0.0,31.0,39.0,27:50,22.0,9.0,10.0,3.0,66.0,443.0,6.7,3.0,32.0,210.0,6.6,2.0,32.0,20.0,233.0,1.0,0.0,7.3,11.6,62.5,94.92,12.0,5.0,41.7,1.0,0.0,0.0,3.0,1.0,0.0,0.0,6.0,35.0,0.0,0.0,2.0,17.0,6.0,3.0,4.0,180.0,45.0,0.0,2.0,2.0,0.0,10.0,3.0,7.0,0.0,28.0,21.0,32:10,17.0,7.0,8.0,2.0,54.0,291.0,5.4,2.0,24.0,134.0,5.6,0.0,26.0,15.0,157.0,2.0,2.0,6.0,10.5,57.7,68.91,9.0,2.0,22.2,1.0,0.0,0.0,3.0,2.0,0.0,0.0,8.0,64.0,2.0,0.0,4.0,23.0,4.0,9.0,6.0,273.0,45.5,2.0,0.0,-2.0,33.3,0.0,66.7,0.0,3.0,3.0,0.0,0.0,0.0,0.0,0.0,2.0,1.0,2.0,2.0,0.0,0.0,0.0,0.0,0.0,0.0,0.0,27.0,27.0,4.0,23.0,9.0,1.0,0.0,37.0,27.0,2.0,17.0,5.0,0.0,0.0,Sunday,993005327.0,2,31,19155.0,-10.0,0,2.0,0.417,0.0,,0.053390144775485,0.5057471264367817,0.1152183070956097,0.1669488642679639,-0.0876187842512173,0.4929577464788732,-0.1245367657998891,-0.0664671124337474,19.3,23.7,-4.3,403.3333333333333,269.6666666666667,0.0,0.434,0.6,100.0,100.0,3.0,-0.03873693677021533,0.4618052670451922,0.10323917148758709,0.028557788028259635,0.049228659645258,0.5204253549323973,0.028398910645218062,-0.012305950750698466,-0.018676308855077855,-0.029023669352339437
202510802.0,2025-10-26T13:00:00,1,2025,8,ATL,MIA,HOME,10.0,34.0,44.0,Mercedes-Benz Stadium,0.0,3.0,0.0,7.0,0.0,27.0,50.0,22:02,19.0,3.0,13.0,3.0,60.0,292.0,4.9,1.0,20.0,62.0,3.1,0.0,38.0,21.0,230.0,1.0,0.0,6.1,11.0,55.3,82.13,11.0,5.0,45.5,2.0,0.0,0.0,2.0,1.0,0.0,0.0,6.0,43.0,1.0,1.0,2.0,11.0,4.0,7.0,3.0,152.0,50.7,1.0,1.0,0.0,7.0,10.0,7.0,10.0,0.0,32.0,10.0,37:58,23.0,12.0,10.0,1.0,66.0,324.0,4.9,2.0,39.0,174.0,4.5,2.0,26.0,17.0,150.0,0.0,1.0,5.8,8.8,65.4,64.58,15.0,9.0,60.0,0.0,0.0,0.0,2.0,2.0,0.0,0.0,3.0,25.0,0.0,0.0,1.0,2.0,5.0,4.0,3.0,143.0,47.7,1.0,1.0,0.0,50.0,0.0,100.0,0.0,1.0,1.0,0.0,0.0,0.0,0.0,0.0,1.0,1.0,2.0,2.0,0.0,0.0,0.0,0.0,0.0,2.0,2.0,36.0,36.0,1.0,2.0,2.0,0.0,0.0,29.0,24.0,2.0,11.0,2.0,1.0,1.0,Sunday,993005342.0,2,19,19168.0,-24.0,0,0.0,0.455,0.0,,-0.0773963944764524,0.4415584415584415,-0.130955464274337,-0.0647360224166833,0.0435824693872533,0.5256410256410257,0.0904031742388561,-0.0090448520293446,22.7,20.3,2.3,390.0,303.0,0.667,0.457,0.6,110.0,120.0,3.0,0.06172341133502294,0.4964914142313394,0.22651598385360397,0.004522716295102068,0.041352165622205735,0.5197131042201465,0.050832661014827064,-0.003380306751894467,-0.036331912957147564,-0.03552476709044864
202510921.0,2025-11-02T13:00:00,1,2025,9,ATL,NE,AWAY,23.0,24.0,47.0,Gillette Stadium,7.0,7.0,0.0,9.0,0.0,22.0,2.0,25:55,11.0,3.0,7.0,1.0,49.0,213.0,4.3,1.0,17.0,45.0,2.6,1.0,31.0,21.0,168.0,0.0,0.0,5.4,8.0,67.7,81.12,11.0,2.0,18.2,4.0,2.0,50.0,2.0,1.0,0.0,0.0,8.0,76.0,1.0,1.0,1.0,5.0,2.0,5.0,4.0,185.0,46.2,1.0,0.0,-1.0,7.0,14.0,3.0,0.0,0.0,37.0,58.0,34:05,24.0,11.0,10.0,3.0,65.0,338.0,5.2,4.0,37.0,141.0,3.8,0.0,27.0,21.0,197.0,4.0,0.0,7.3,9.4,77.8,136.65,13.0,6.0,46.2,2.0,1.0,50.0,5.0,3.0,0.0,0.0,4.0,54.0,0.0,0.0,1.0,8.0,4.0,4.0,3.0,148.0,49.3,0.0,1.0,1.0,50.0,0.0,60.0,0.0,1.0,1.0,0.0,0.0,0.0,0.0,0.0,1.0,1.0,4.0,4.0,0.0,0.0,0.0,0.0,0.0,2.0,2.0,36.0,40.0,1.0,8.0,3.0,0.0,0.0,27.0,19.0,1.0,5.0,2.0,0.0,1.0,Sunday,993005373.0,2,21,19172.0,-1.0,0,-1.0,0.182,0.0,,-0.2305224927385629,0.4242424242424242,-0.1050204620996461,-0.6563796498842851,0.1757886911055131,0.5357142857142857,0.2720439811914371,0.1024632806813505,14.7,22.7,-8.0,316.0,317.6666666666667,0.333,0.351,0.4,120.0,154.0,3.0,-0.08484291414651009,0.45718266407921576,-0.04025253975945778,-0.1847222693443348,0.04391745874718304,0.5181043526113949,0.07930346321013469,0.008983772072752833,-0.08482593950513226,0.07341142788570808
202511014.0,2025-11-09T09:30:00,1,2025,10,ATL,IND,AWAY,25.0,31.0,56.0,Olympiastadion,7.0,7.0,3.0,8.0,0.0,25.0,55.0,26:09,17.0,3.0,13.0,1.0,54.0,288.0,5.3,3.0,16.0,71.0,4.4,0.0,37.0,22.0,217.0,3.0,0.0,5.9,9.9,59.5,103.1,10.0,1.0,10.0,3.0,2.0,66.7,3.0,3.0,0.0,0.0,5.0,40.0,1.0,0.0,1.0,4.0,6.0,7.0,5.0,217.0,43.4,0.0,2.0,2.0,13.0,0.0,0.0,12.0,6.0,34.0,5.0,40:20,23.0,9.0,14.0,0.0,68.0,331.0,4.9,3.0,33.0,110.0,3.3,1.0,29.0,19.0,221.0,2.0,1.0,7.6,11.6,65.5,97.05,12.0,8.0,66.7,0.0,0.0,0.0,4.0,3.0,0.0,0.0,2.0,15.0,2.0,1.0,6.0,38.0,4.0,2.0,3.0,150.0,50.0,2.0,0.0,-2.0,100.0,0.0,75.0,0.0,3.0,2.0,0.0,0.0,0.0,0.0,0.0,1.0,1.0,3.0,3.0,0.0,0.0,0.0,0.0,0.0,1.0,1.0,43.0,18.0,6.0,38.0,3.0,2.0,1.0,25.0,16.0,1.0,4.0,5.0,1.0,0.0,Sunday,993005389.0,2,14,19074.0,-6.0,0,2.0,0.1,0.0,,0.0161182568618076,0.4383561643835616,0.1182759937291829,-0.1243160724531792,0.0221800265033038,0.4567901234567901,0.0188292858972058,0.0047635696432553,14.3,26.0,-11.7,264.3333333333333,331.0,0.333,0.245,0.4,143.0,178.0,3.0,-0.09726687678440255,0.43471901006147573,-0.03923331088160004,-0.2818105815847159,0.08051706233202341,0.5060484782707004,0.1270921471091663,0.03272733276508707,-0.005846800374337302,0.06440504289508683
202511102.0,2025-11-16T13:00:00,1,2025,11,ATL,CAR,HOME,27.0,30.0,57.0,Mercedes-Benz Stadium,7.0,14.0,0.0,6.0,0.0,26.0,9.0,27:43,22.0,10.0,10.0,2.0,60.0,290.0,4.8,3.0,29.0,140.0,4.8,2.0,28.0,12.0,150.0,1.0,0.0,5.4,12.5,42.9,72.02,8.0,0.0,0.0,0.0,0.0,0.0,3.0,3.0,0.0,0.0,3.0,35.0,1.0,1.0,3.0,27.0,7.0,9.0,6.0,263.0,43.8,1.0,2.0,1.0,7.0,3.0,9.0,8.0,3.0,40.0,20.0,37:07,25.0,15.0,10.0,0.0,74.0,519.0,7.0,4.0,41.0,323.0,7.9,3.0,26.0,19.0,196.0,1.0,1.0,7.5,10.3,73.1,91.19,12.0,2.0,16.7,4.0,2.0,50.0,4.0,2.0,0.0,0.0,7.0,56.0,4.0,1.0,7.0,59.0,3.0,4.0,1.0,44.0,44.0,2.0,1.0,-1.0,100.0,0.0,50.0,0.0,2.0,2.0,0.0,2.0,1.0,0.0,0.0,1.0,1.0,2.0,1.0,0.0,2.0,0.0,0.0,0.0,3.0,2.0,42.0,43.0,7.0,59.0,5.0,4.0,1.0,27.0,27.0,3.0,27.0,3.0,1.0,1.0,Sunday,993005429.0,2,5,19050.0,-3.0,0,1.0,0.0,0.0,,0.0099136815835391,0.5,-0.1293830082385886,0.1444599057202659,0.1044442281305837,0.5384615384615384,-0.0069393471292284,0.3369884090987208,19.3,29.7,-10.3,263.6666666666667,396.0,0.667,0.094,0.2,168.0,209.0,3.0,-0.06816351809773873,0.4541995295419952,-0.03870915886968391,-0.2120786055390661,0.10080431524646687,0.5103219825442048,0.09464463998647149,0.14807175314110887,-0.04569936079883672,0.05167532617508732
202511222.0,2025-11-23T16:25:00,1,2025,12,ATL,NO,AWAY,24.0,10.0,34.0,Caesars Superdome,3.0,13.0,0.0,8.0,0.0,27.0,43.0,27:09,23.0,8.0,11.0,4.0,58.0,348.0,6.0,3.0,28.0,125.0,4.5,3.0,30.0,19.0,223.0,0.0,0.0,7.4,11.7,63.3,85.83,11.0,4.0,36.4,0.0,0.0,0.0,3.0,3.0,0.0,0.0,6.0,44.0,3.0,1.0,0.0,0.0,10.0,6.0,5.0,255.0,51.0,1.0,0.0,-1.0,0.0,7.0,0.0,3.0,0.0,37.0,7.0,32:51,22.0,2.0,20.0,0.0,75.0,486.0,6.5,3.0,25.0,67.0,2.7,0.0,45.0,31.0,419.0,3.0,0.0,9.3,13.5,68.9,120.51,17.0,6.0,35.3,5.0,3.0,60.0,6.0,2.0,0.0,0.0,8.0,49.0,0.0,0.0,5.0,29.0,1.0,2.0,3.0,140.0,46.7,0.0,1.0,1.0,100.0,0.0,33.3,0.0,3.0,3.0,0.0,0.0,0.0,0.0,0.0,2.0,2.0,1.0,1.0,0.0,3.0,1.0,0.0,0.0,3.0,3.0,49.0,14.0,5.0,29.0,7.0,0.0,0.0,23.0,43.0,0.0,0.0,5.0,1.0,1.0,Sunday,993005467.0,2,22,19197.0,14.0,1,-1.0,0.364,0.0,,0.0431796404165215,0.5287356321839081,0.2765599108739406,-0.1243297580799516,0.1040325814869902,0.4468085106382978,0.281022298596374,-0.2793692525933594,25.0,28.3,-3.3,308.6666666666667,445.3333333333333,0.667,0.155,0.0,195.0,239.0,3.0,0.02307052628728941,0.48903059885582323,0.08848429878817832,-0.03472864160428827,0.07688561204029258,0.48068672418554215,0.0976374124547838,0.02079424204953891,-0.04774146167062941,0.09000559932272881
202511324.0,2025-11-30T13:00:00,1,2025,13,ATL,NYJ,AWAY,24.0,27.0,51.0,MetLife Stadium,0.0,7.0,10.0,7.0,0.0,27.0,9.0,32:55,13.0,6.0,7.0,0.0,55.0,302.0,5.5,2.0,29.0,121.0,4.2,0.0,23.0,16.0,181.0,2.0,1.0,7.9,11.3,69.6,103.71,12.0,3.0,25.0,1.0,1.0,100.0,2.0,1.0,0.0,0.0,9.0,82.0,1.0,0.0,3.0,18.0,9.0,6.0,5.0,210.0,42.0,1.0,2.0,1.0,0.0,7.0,7.0,13.0,0.0,32.0,51.0,27:05,21.0,8.0,11.0,2.0,78.0,293.0,3.8,1.0,28.0,79.0,2.8,0.0,45.0,30.0,214.0,0.0,1.0,4.8,7.1,66.7,68.19,16.0,5.0,31.2,5.0,2.0,40.0,3.0,0.0,0.0,0.0,4.0,36.0,2.0,1.0,5.0,29.0,2.0,6.0,3.0,106.0,35.3,2.0,1.0,-1.0,50.0,0.0,0.0,0.0,1.0,1.0,0.0,0.0,0.0,1.0,1.0,3.0,3.0,1.0,1.0,0.0,0.0,0.0,0.0,0.0,3.0,1.0,54.0,18.0,5.0,29.0,6.0,0.0,1.0,32.0,26.0,3.0,18.0,4.0,1.0,0.0,Sunday,993005487.0,2,24,19221.0,-3.0,0,1.0,0.25,0.0,,-0.0668665003423907,0.4520547945205479,-0.1494074528999886,-0.0776749576351472,-0.2495125479094394,0.425531914893617,-0.2730175582745397,-0.1508293018067399,25.3,23.7,1.7,313.3333333333333,432.6666666666667,0.333,0.205,0.2,219.0,249.0,4.0,-0.004591059447443355,0.4935968089014853,-0.0007435167548788535,-0.019181603331610935,-0.01367857943062184,0.47026732133115107,0.0003551310642019671,-0.031070048433792834,-0.04563548284381708,0.031386595863390286
202511402.0,2025-12-07T13:00:00,1,2025,14,ATL,SEA,HOME,9.0,37.0,46.0,Mercedes-Benz Stadium,3.0,3.0,0.0,3.0,0.0,32.0,55.0,28:40,25.0,11.0,12.0,2.0,67.0,389.0,5.8,3.0,32.0,167.0,5.2,2.0,33.0,21.0,222.0,1.0,0.0,6.7,10.6,63.6,93.24,12.0,4.0,33.3,0.0,0.0,0.0,3.0,3.0,0.0,0.0,1.0,27.0,1.0,1.0,2.0,12.0,6.0,7.0,6.0,233.0,38.8,1.0,0.0,-1.0,3.0,3.0,17.0,14.0,0.0,27.0,5.0,31:20,16.0,7.0,8.0,1.0,63.0,269.0,4.3,3.0,28.0,110.0,3.9,2.0,33.0,19.0,159.0,1.0,0.0,4.8,8.4,57.6,80.24,16.0,7.0,43.8,1.0,1.0,100.0,3.0,2.0,0.0,0.0,9.0,59.0,0.0,0.0,2.0,13.0,7.0,7.0,6.0,296.0,49.3,0.0,1.0,1.0,100.0,0.0,66.7,0.0,3.0,3.0,0.0,0.0,0.0,0.0,0.0,2.0,1.0,3.0,3.0,0.0,0.0,0.0,0.0,0.0,3.0,2.0,34.0,21.0,2.0,13.0,3.0,0.0,0.0,36.0,32.0,2.0,12.0,7.0,0.0,1.0,Sunday,993005518.0,2,30,19230.0,-28.0,0,-1.0,0.333,0.0,,0.1130091391815678,0.5465116279069767,0.1843258717504693,0.1771055757681923,0.1322771622483952,0.4719101123595505,0.0843078422173962,-0.0966815089896871,25.0,22.3,2.7,346.3333333333333,349.3333333333333,-0.333,0.316,0.2,243.0,276.0,4.0,0.029774093085232878,0.5091006848704775,0.10382610990814045,-0.008299713315635468,-0.004400934724684669,0.44808351263048846,0.030770860846410165,-0.1756266877965955,0.02307084354020906,0.0226842900919667
202511533.0,2025-12-11T20:15:00,1,2025,15,ATL,TB,AWAY,29.0,28.0,57.0,Raymond James Stadium,0.0,14.0,0.0,15.0,0.0,28.0,40.0,31:51,15.0,6.0,6.0,3.0,62.0,274.0,4.4,0.0,31.0,120.0,3.9,0.0,30.0,15.0,154.0,0.0,2.0,5.1,10.3,50.0,37.36,13.0,1.0,7.7,2.0,1.0,50.0,4.0,0.0,0.0,0.0,8.0,56.0,1.0,1.0,1.0,8.0,3.0,7.0,2.0,84.0,42.0,3.0,1.0,-2.0,7.0,6.0,7.0,8.0,0.0,31.0,20.0,28:09,20.0,6.0,11.0,3.0,58.0,365.0,6.3,4.0,26.0,129.0,5.0,0.0,30.0,20.0,236.0,3.0,1.0,7.9,11.8,66.7,109.86,13.0,6.0,46.2,0.0,0.0,0.0,4.0,2.0,0.0,0.0,6.0,60.0,2.0,0.0,2.0,13.0,7.0,3.0,3.0,148.0,49.3,1.0,3.0,2.0,0.0,0.0,50.0,0.0,0.0,0.0,0.0,0.0,0.0,0.0,0.0,4.0,3.0,4.0,4.0,0.0,0.0,0.0,0.0,0.0,3.0,3.0,35.0,22.0,2.0,13.0,3.0,1.0,0.0,33.0,29.0,1.0,8.0,10.0,1.0,1.0,Thursday,993005533.0,2,33,19239.0,1.0,1,-2.0,0.077,0.0,,-0.2270926399280142,0.425,-0.3737225818414383,-0.2161165346905979,0.2186628571939936,0.5324675324675324,0.3295028308347986,-0.1646231648404724,19.0,24.7,-5.7,321.6666666666667,309.0,-0.667,0.22,0.2,252.0,313.0,4.0,-0.06031666702961236,0.4745221408091749,-0.11293472099698587,-0.038895305519184235,0.0338091571776498,0.47663651990690004,0.046931038259218356,-0.13737799187896646,-0.0255713358177553,0.06198085623010465
202511601.0,2025-12-21T16:05:00,1,2025,16,ATL,ARI,AWAY,26.0,19.0,45.0,State Farm Stadium,3.0,13.0,3.0,7.0,0.0,31.0,51.0,35:34,27.0,6.0,19.0,2.0,66.0,476.0,7.2,4.0,21.0,111.0,5.3,1.0,44.0,30.0,365.0,3.0,0.0,8.3,12.2,68.2,116.19,11.0,5.0,45.5,1.0,1.0,100.0,4.0,4.0,0.0,0.0,19.0,125.0,3.0,1.0,1.0,8.0,7.0,7.0,4.0,170.0,42.5,1.0,1.0,0.0,10.0,6.0,0.0,3.0,0.0,28.0,9.0,24:26,28.0,5.0,16.0,7.0,61.0,338.0,5.5,3.0,22.0,88.0,4.0,1.0,34.0,19.0,250.0,2.0,1.0,7.4,13.2,55.9,86.64,9.0,4.0,44.4,0.0,0.0,0.0,3.0,3.0,0.0,0.0,4.0,25.0,1.0,0.0,5.0,27.0,4.0,2.0,4.0,165.0,41.2,1.0,1.0,0.0,100.0,0.0,100.0,0.0,2.0,2.0,0.0,4.0,0.0,0.0,0.0,1.0,1.0,2.0,2.0,0.0,2.0,1.0,0.0,0.0,2.0,2.0,36.0,12.0,5.0,27.0,7.0,0.0,0.0,34.0,26.0,1.0,8.0,1.0,3.0,1.0,Sunday,993005587.0,2,1,19252.0,7.0,1,0.0,0.455,0.0,,0.1593517424031454,0.5,0.2451370030405059,0.0581715000391175,0.1554229699423558,0.5542168674698795,0.2061591406550054,0.0147320775246374,20.7,30.7,-10.0,379.6666666666667,324.0,-1.0,0.288,0.4,281.0,341.0,5.0,0.015089413885566338,0.4905038759689922,0.01858009764984563,0.0063868470389039965,0.1687876631282482,0.5195315040989875,0.20665660456906673,-0.08219086543517405,0.0043162763461659535,0.07217660459245909
202511702.0,2025-12-29T20:15:00,1,2025,17,ATL,LAR,HOME,27.0,24.0,51.0,Mercedes-Benz Stadium,7.0,14.0,3.0,3.0,0.0,35.0,34.0,29:45,24.0,10.0,11.0,3.0,73.0,342.0,4.7,3.0,37.0,152.0,4.1,1.0,35.0,21.0,190.0,2.0,1.0,5.4,9.0,60.0,81.85,14.0,7.0,50.0,5.0,2.0,40.0,3.0,3.0,0.0,0.0,4.0,20.0,1.0,1.0,1.0,7.0,5.0,6.0,0.0,0.0,0.0,2.0,1.0,-1.0,0.0,0.0,17.0,7.0,0.0,24.0,26.0,30:15,16.0,6.0,9.0,1.0,56.0,320.0,5.7,1.0,23.0,132.0,5.7,0.0,31.0,16.0,188.0,1.0,1.0,6.1,11.8,51.6,67.67,13.0,7.0,53.8,0.0,0.0,0.0,2.0,0.0,0.0,0.0,5.0,14.0,0.0,0.0,2.0,15.0,4.0,5.0,1.0,51.0,51.0,1.0,2.0,1.0,100.0,0.0,0.0,0.0,3.0,2.0,1.0,0.0,0.0,0.0,0.0,2.0,2.0,1.0,1.0,0.0,0.0,0.0,0.0,0.0,6.0,4.0,31.0,19.0,2.0,15.0,7.0,0.0,0.0,32.0,41.0,1.0,7.0,6.0,0.0,1.0,Monday,993005628.0,2,32,19276.0,3.0,1,-1.0,0.5,0.0,,0.1051764034140394,0.4606741573033708,0.2813001183665379,-0.1581269423005397,0.0054006765829441,0.4520547945205479,-0.0222310260835368,0.093837788680712,21.3,28.0,-6.7,364.0,341.0,-1.0,0.344,0.6,307.0,360.0,6.0,0.012478501963056873,0.46189138576779026,0.050904846521868496,-0.10535732565067334,0.12649550123976452,0.51291306481932,0.17114364846875574,-0.018684432878374332,0.016715628945669535,0.05245022361164986
202511802.0,2026-01-04T13:00:00,1,2025,18,ATL,NO,HOME,19.0,17.0,36.0,Mercedes-Benz Stadium,,,,,,29.0,45.0,,15.0,5.0,9.0,1.0,53.0,345.0,6.5,3.0,33.0,219.0,6.6,1.0,20.0,13.0,126.0,1.0,0.0,6.3,9.7,65.0,99.17,13.0,5.0,38.5,0.0,0.0,0.0,2.0,1.0,0.0,0.0,7.0,42.0,0.0,0.0,0.0,0.0,5.0,4.0,5.0,246.0,49.2,0.0,3.0,3.0,,,,,,30.0,15.0,,16.0,5.0,10.0,1.0,61.0,363.0,6.0,3.0,20.0,115.0,5.8,0.0,38.0,22.0,248.0,2.0,3.0,6.5,11.3,57.9,62.17,13.0,5.0,38.5,4.0,1.0,25.0,3.0,1.0,0.0,0.0,4.0,35.0,0.0,0.0,3.0,21.0,7.0,3.0,2.0,90.0,45.0,3.0,0.0,-3.0,50.0,0.0,33.3,0.0,3.0,3.0,0.0,0.0,0.0,0.0,0.0,3.0,2.0,3.0,3.0,0.0,0.0,0.0,0.0,0.0,1.0,1.0,33.0,20.0,3.0,21.0,8.0,0.0,0.0,23.0,44.0,0.0,0.0,1.0,0.0,0.0,Sunday,,2,22,19289.0,2.0,1,3.0,0.385,0.0,2025_18_NO_ATL,-0.0352301983389258,0.4533333333333333,0.2461747934659826,0.0365341218841115,-0.0535752319599163,0.4675324675324675,-0.0876230973846128,-0.1309962076678251,27.3,23.7,3.7,387.6666666666667,340.3333333333333,0.667,0.446,0.6,334.0,384.0,7.0,0.07643264915941968,0.47133583021223463,0.25753730495767546,-0.021140440125770193,0.03574947152179454,0.4912680431742984,0.0321016723956186,-0.007475447154158567,0.023042889346362515,0.0916376868015545
,,1,2025,19,ATL,NO,HOME,,,,Mercedes-Benz Stadium,,,,,,,,,14.0,2.0,11.0,1.0,,208.0,,,25.0,49.0,2.0,0.0,32.0,18.0,159.0,1.0,1.0,,,,,14.0,4.0,,1.0,1.0,,,,,,5.0,42.0,,0.0,4.0,21.0,4.0,6.0,,,,1.0,2.0,1.0,,,,,,,,,16.0,5.0,10.0,1.0,,340.0,,,26.0,108.0,4.2,1.0,35.0,23.0,232.0,1.0,1.0,,,,,16.0,5.0,,3.0,3.0,,,,,,6.0,40.0,,1.0,4.0,27.0,9.0,9.0,,,,2.0,,,,,,,,,,,,,,4.0,4.0,,,,,,,,2.0,1.0,,,4.0,,8.0,1.0,,,,4.0,,8.0,0.0,,Sunday,,2,22,,,1,1.0,0.286,1.0,2025_18_NO_ATL,-0.1243792916449547,0.4102564102564102,-0.1286488302865712,-0.4276659496384806,-0.1617669850805885,0.3908045977011494,-0.1213020949924917,-0.0755391137841481,24.0,20.0,4.0,298.3333333333333,341.0,1.0,0.39,0.8,353.0,401.0,8.0,-0.018144362189947028,0.44142130029770477,0.13294202718198309,-0.18308625668496956,-0.06998051348585356,0.4367972865847216,-0.07705207282021377,-0.03756584425708707,-0.024434796818941985,0.032828857335757744
