season,week,team,opponent,home,vegas_spread,home_implied_prob,y_true,y_pred,residual,abs_residual
2022,1,ARI,KC,,6.0,0.3078351791979088,-23.0,-8.0180645,14.981935501098633,14.981935501098633
2022,1,ATL,NO,,5.5,0.321482602118003,-1.0,-6.8107085,-5.810708522796631,5.810708522796631
2022,1,CAR,CLE,,-1.5,0.5315767461313258,-2.0,-1.5167614,0.4832385778427124,0.4832385778427124
2022,1,CHI,SF,,6.5,0.2918444415506821,9.0,-8.0180645,-17.018064498901367,17.018064498901367
2022,1,CIN,PIT,,-7.0,0.7302233187017398,-3.0,3.1584356,6.158435583114624,6.158435583114624
2022,1,DAL,TB,,2.5,0.4477838494231936,-16.0,-3.7318294,12.268170595169067,12.268170595169067
2022,1,DET,PHI,,5.5,0.3202247191011235,-3.0,-6.8107085,-3.810708522796631,3.810708522796631
2022,1,HOU,IND,,7.0,0.2668859094358715,0.0,-8.0180645,-8.018064498901367,8.018064498901367
2022,1,MIA,NE,,-3.0,0.6017120437522292,13.0,1.748082,-11.251917958259583,11.251917958259583
2022,1,MIN,GB,,-1.5,0.5354263026482748,16.0,-0.76738673,-16.767386734485626,16.767386734485626
2022,1,NYJ,BAL,,6.5,0.2799160251924422,-15.0,-8.0180645,6.981935501098633,6.981935501098633
2022,1,LAC,LV,,-3.5,0.6238326976193608,5.0,1.748082,-3.2519179582595825,3.2519179582595825
2022,1,SEA,DEN,,6.0,0.2938906602015918,1.0,-8.0180645,-9.018064498901367,9.018064498901367
2022,1,LAR,BUF,,1.5,0.4584412995814232,-21.0,-3.7318294,17.268170595169067,17.268170595169067
2022,1,TEN,NYG,,-5.5,0.678517397881997,-1.0,2.4048426,3.4048426151275635,3.4048426151275635
2022,1,WAS,JAX,,-3.0,0.5829926410466066,6.0,1.748082,-4.2519179582595825,4.2519179582595825
2022,2,BAL,MIA,0.0,-3.5,0.6145420260114804,-4.0,6.2409463,10.240946292877197,10.240946292877197
2022,2,BUF,TEN,0.0,-10.0,0.7876563726169045,34.0,18.174847,-15.825153350830078,15.825153350830078
2022,2,CLE,NYJ,0.0,-6.5,0.697772625652066,-1.0,1.7872206,2.787220597267151,2.787220597267151
2022,2,DAL,CIN,0.0,7.0,0.2590004111117637,3.0,-6.8739405,-9.873940467834473,9.873940467834473
2022,2,DEN,HOU,0.0,-10.0,0.8008883443100016,7.0,7.9699717,0.9699716567993164,0.9699716567993164
2022,2,DET,WAS,0.0,0.5,0.4923674110258199,9.0,-0.85767317,-9.857673168182373,9.857673168182373
2022,2,GB,CHI,0.0,-10.5,0.7956571063797309,17.0,10.037297,-6.962702751159668,6.962702751159668
2022,2,JAX,IND,0.0,3.0,0.4050453558392755,24.0,1.3290398,-22.670960187911987,22.670960187911987
2022,2,KC,LAC,0.0,-4.0,0.6419085562511857,3.0,9.111954,6.1119537353515625,6.1119537353515625
2022,2,NO,TB,0.0,2.5,0.4321749867701534,-10.0,-2.683,7.316999912261963,7.316999912261963
2022,2,NYG,CAR,0.0,1.0,0.4858066206655603,3.0,3.92902,0.9290199279785156,0.9290199279785156
2022,2,LV,ARI,0.0,-5.5,0.6732628149814331,-6.0,1.0859551,7.0859551429748535,7.0859551429748535
2022,2,PHI,MIN,0.0,-3.0,0.5738125802310654,17.0,3.2101927,-13.789807319641113,13.789807319641113
2022,2,PIT,NE,0.0,3.0,0.4248836225137536,-3.0,-2.1518023,0.8481976985931396,0.8481976985931396
2022,2,SF,SEA,0.0,-8.5,0.7643046027670257,20.0,9.550189,-10.449810981750488,10.449810981750488
2022,2,LAR,ATL,0.0,-10.5,0.7993844674842612,4.0,6.5932117,2.5932116508483887,2.5932116508483887
2022,3,ARI,LAR,0.0,3.5,0.3770578863515667,-8.0,-4.652177,3.347823143005371,3.347823143005371
2022,3,CAR,NO,0.0,2.0,0.4564315352697095,8.0,-0.5555994,-8.555599391460419,8.555599391460419
2022,3,CHI,HOU,0.0,-3.0,0.6037569709421778,3.0,4.913171,1.9131708145141602,1.9131708145141602
2022,3,CLE,PIT,0.0,-4.5,0.6515287769784173,12.0,8.703063,-3.2969369888305664,3.2969369888305664
2022,3,DEN,SF,0.0,1.5,0.4739134147382802,1.0,-2.0510142,-3.0510141849517822,3.0510141849517822
2022,3,IND,KC,0.0,4.5,0.3358765964504893,3.0,0.66620517,-2.3337948322296143,2.3337948322296143
2022,3,MIA,BUF,0.0,4.5,0.3516624040920715,2.0,-3.164085,-5.1640849113464355,5.1640849113464355
2022,3,MIN,DET,0.0,-6.5,0.7054733519788753,4.0,1.785503,-2.2144969701766968,2.2144969701766968
2022,3,NE,BAL,0.0,2.5,0.4357962697274031,-11.0,-4.2995076,6.7004923820495605,6.7004923820495605
2022,3,NYG,DAL,0.0,-1.5,0.5251600704739805,-7.0,-4.3346734,2.6653265953063965,2.6653265953063965
2022,3,NYJ,CIN,0.0,6.5,0.2945266480211246,-15.0,-5.0148396,9.98516035079956,9.98516035079956
2022,3,LAC,JAX,0.0,-6.5,0.6988668531996421,-28.0,-0.7583479,27.241652071475983,27.241652071475983
2022,3,SEA,ATL,0.0,-1.0,0.5120034919249236,-4.0,-2.1848962,1.8151037693023682,1.8151037693023682
2022,3,TB,GB,0.0,-1.5,0.5282320336795786,-2.0,-2.415972,-0.4159719944000244,0.4159719944000244
2022,3,TEN,LV,0.0,2.0,0.4584412995814232,2.0,-0.30836168,-2.308361679315567,2.308361679315567
2022,3,WAS,PHI,0.0,6.0,0.3134126362276515,-16.0,-2.5084722,13.491527795791626,13.491527795791626
2022,4,ATL,CLE,0.0,1.0,0.4794993526111351,3.0,-0.47892138,-3.4789213836193085,3.4789213836193085
2022,4,BAL,BUF,0.0,3.5,0.3917629331993973,-3.0,-0.3327922,2.667207807302475,2.667207807302475
2022,4,CAR,ARI,0.0,-1.0,0.5098167539267016,-10.0,-1.8790231,8.12097692489624,8.12097692489624
2022,4,CIN,MIA,0.0,-4.0,0.6399022075560319,12.0,4.017684,-7.982316017150879,7.982316017150879
2022,4,DAL,WAS,0.0,-3.0,0.5965276928719893,15.0,6.4078546,-8.592145442962646,8.592145442962646
2022,4,DET,SEA,0.0,-3.0,0.6164383561643836,-3.0,3.6193411,6.619341135025024,6.619341135025024
2022,4,GB,NE,0.0,-9.5,0.79027925972258,3.0,5.909274,2.909274101257324,2.909274101257324
2022,4,HOU,LAC,0.0,5.5,0.320754716981132,-10.0,-4.989311,5.010688781738281,5.010688781738281
2022,4,IND,TEN,0.0,-4.0,0.6427642007144716,-7.0,2.712507,9.712507009506226,9.712507009506226
2022,4,NO,MIN,0.0,4.0,0.3539493293591654,-3.0,-5.2081213,-2.2081212997436523,2.2081212997436523
2022,4,NYG,CHI,0.0,-3.0,0.578989574979952,8.0,3.770365,-4.229635000228882,4.229635000228882
2022,4,LV,DEN,0.0,-2.5,0.5696140522761468,9.0,0.44182667,-8.558173328638077,8.558173328638077
2022,4,PHI,JAX,0.0,-6.5,0.7105993006149764,8.0,1.183409,-6.816591024398804,6.816591024398804
2022,4,PIT,NYJ,0.0,-3.0,0.6032331337207587,-4.0,4.8643217,8.8643217086792,8.8643217086792
2022,4,SF,LAR,0.0,-1.5,0.5315767461313258,15.0,7.250772,-7.749228000640869,7.749228000640869
2022,4,TB,KC,0.0,-2.0,0.5366306721917165,-10.0,-4.054635,5.945364952087402,5.945364952087402
2022,5,ARI,PHI,0.0,5.5,0.3283265177728846,-3.0,-5.321176,-2.321176052093506,2.321176052093506
2022,5,BAL,CIN,0.0,-3.0,0.5996387718242023,2.0,3.522139,1.522139072418213,1.522139072418213
2022,5,BUF,PIT,0.0,-14.0,0.8648205689455734,35.0,16.8946,-18.10540008544922,18.10540008544922
2022,5,CAR,SF,0.0,6.0,0.3099083369707551,-22.0,-9.729555,12.270444869995117,12.270444869995117
2022,5,CLE,LAC,0.0,1.5,0.4739134147382802,-2.0,-3.492662,-1.492661952972412,1.492661952972412
2022,5,DEN,IND,0.0,-3.0,0.617381798305548,-3.0,2.2281806,5.228180646896362,5.228180646896362
2022,5,GB,NYG,0.0,-9.5,0.7799802599111696,-5.0,1.5678544,6.567854404449463,6.567854404449463
2022,5,JAX,HOU,0.0,-7.0,0.7317322432294328,-7.0,7.732484,14.732483863830566,14.732483863830566
2022,5,KC,LV,0.0,-7.0,0.7463128171089786,1.0,9.986076,8.986076354980469,8.986076354980469
2022,5,MIN,CHI,0.0,-8.5,0.7613035587469423,7.0,1.0927747,-5.907225251197815,5.907225251197815
2022,5,NE,DET,0.0,-3.0,0.5840469782236358,29.0,8.347215,-20.652785301208496,20.652785301208496
2022,5,NO,SEA,0.0,-5.5,0.6679484462207688,7.0,3.8045464,-3.195453643798828,3.195453643798828
2022,5,NYJ,MIA,0.0,3.0,0.3922354557947778,23.0,-2.5780947,-25.578094720840454,25.578094720840454
2022,5,LAR,DAL,0.0,-5.0,0.6711047709621176,-12.0,2.0391726,14.039172649383545,14.039172649383545
2022,5,TB,ATL,0.0,-10.0,0.8013101725257215,6.0,5.2883735,-0.7116265296936035,0.7116265296936035
2022,5,WAS,TEN,0.0,0.5,0.4967303165053623,-4.0,2.0851347,6.085134744644165,6.085134744644165
2022,6,ATL,SF,0.0,3.5,0.3673438788514881,14.0,-2.4512486,-16.45124864578247,16.45124864578247
2022,6,CHI,WAS,0.0,1.0,0.4760776372762327,-5.0,-1.0308264,3.969173550605774,3.969173550605774
2022,6,CLE,NE,0.0,-3.0,0.5733788395904437,-23.0,-2.0579119,20.94208812713623,20.94208812713623
2022,6,GB,NYJ,0.0,-7.5,0.7510373443983401,-17.0,-0.55103594,16.448964059352875,16.448964059352875
2022,6,IND,JAX,0.0,-1.5,0.5315767461313258,7.0,0.8566685,-6.143331527709961,6.143331527709961
2022,6,KC,BUF,0.0,2.5,0.4279403644395361,-4.0,1.210334,5.210333943367004,5.210333943367004
2022,6,MIA,MIN,0.0,3.5,0.38785197216427,-8.0,-8.699086,-0.6990861892700195,0.6990861892700195
2022,6,NO,CIN,0.0,3.0,0.4003612281757977,-4.0,-3.5726385,0.42736148834228516,0.42736148834228516
2022,6,NYG,BAL,0.0,5.5,0.3197026022304832,4.0,-3.3159547,-7.315954685211182,7.315954685211182
2022,6,PHI,DAL,0.0,-7.0,0.7178741747461583,9.0,5.2205048,-3.7794952392578125,3.7794952392578125
2022,6,PIT,TB,0.0,9.5,0.2105878473575347,2.0,-6.55708,-8.557079792022705,8.557079792022705
2022,6,LAC,DEN,0.0,-3.5,0.6385542168674698,3.0,4.4665885,1.4665884971618652,1.4665884971618652
2022,6,SEA,ARI,0.0,2.5,0.4439635875242501,10.0,4.808039,-5.19196081161499,5.19196081161499
2022,6,LAR,CAR,0.0,-10.0,0.7884867151494971,14.0,8.215672,-5.784328460693359,5.784328460693359
2022,7,ARI,NO,0.0,-2.5,0.5653184981128025,8.0,0.5194118,-7.48058819770813,7.48058819770813
2022,7,BAL,CLE,0.0,-6.5,0.7110284520028068,3.0,0.96096766,-2.0390323400497437,2.0390323400497437
2022,7,CAR,TB,0.0,13.0,0.156918195613188,18.0,-1.2784148,-19.278414845466614,19.278414845466614
2022,7,CIN,ATL,0.0,-6.5,0.7131874630396215,18.0,7.2553806,-10.744619369506836,10.744619369506836
2022,7,DAL,DET,0.0,-7.0,0.7238134206219313,18.0,5.013403,-12.986597061157227,12.986597061157227
2022,7,DEN,NYJ,0.0,2.0,0.4596322941646683,-7.0,2.4369962,9.436996221542358,9.436996221542358
2022,7,JAX,NYG,0.0,-3.0,0.6032331337207587,-6.0,7.4369698,13.436969757080078,13.436969757080078
2022,7,MIA,PIT,0.0,-7.5,0.7332576617480137,6.0,8.967589,2.9675893783569336,2.9675893783569336
2022,7,NE,CHI,0.0,-8.5,0.7711649782923299,-19.0,-0.6217526,18.378247380256653,18.378247380256653
2022,7,LV,HOU,0.0,-7.0,0.7290292950168947,18.0,11.9892,-6.010800361633301,6.010800361633301
2022,7,LAC,SEA,0.0,-5.0,0.6644295302013423,-14.0,-2.837852,11.162147998809814,11.162147998809814
2022,7,SF,KC,0.0,1.0,0.4826358742837298,-21.0,-7.7541738,13.245826244354248,13.245826244354248
2022,7,TEN,IND,0.0,-2.5,0.5634920634920635,9.0,5.528597,-3.471403121948242,3.471403121948242
2022,7,WAS,GB,0.0,4.0,0.3513080255124663,2.0,-1.9561617,-3.9561617374420166,3.9561617374420166
2022,8,ATL,CAR,0.0,-4.0,0.6459398792030175,3.0,5.913382,2.913382053375244,2.913382053375244
2022,8,BUF,GB,0.0,-10.5,0.7998929192879133,10.0,11.756551,1.7565507888793945,1.7565507888793945
2022,8,CLE,CIN,0.0,3.5,0.3932454314133703,19.0,1.4769483,-17.523051738739014,17.523051738739014
2022,8,DAL,CHI,0.0,-9.5,0.7837555916631562,20.0,13.190232,-6.809767723083496,6.809767723083496
2022,8,DET,MIA,0.0,3.5,0.3681662295743393,-4.0,-0.078346625,3.921653375029564,3.921653375029564
2022,8,HOU,TEN,0.0,1.0,0.4814150778380269,-7.0,-3.0384839,3.9615161418914795,3.9615161418914795
2022,8,IND,WAS,0.0,-2.5,0.5785510819409971,-1.0,1.7056016,2.7056015729904175,2.7056015729904175
2022,8,JAX,DEN,0.0,-1.0,0.5205006473888649,-4.0,-0.9431283,3.056871712207794,3.056871712207794
2022,8,MIN,ARI,0.0,-4.0,0.6381678465541235,8.0,6.5626335,-1.4373664855957031,1.4373664855957031
2022,8,NO,LV,0.0,1.0,0.4739134147382802,24.0,0.62979954,-23.37020045518875,23.37020045518875
2022,8,NYJ,NE,0.0,3.0,0.4060647233201581,-5.0,-3.7660809,1.2339191436767578,1.2339191436767578
2022,8,PHI,PIT,0.0,-11.5,0.8136874592972224,22.0,15.566145,-6.433855056762695,6.433855056762695
2022,8,SEA,NYG,0.0,-3.5,0.6106973595125254,14.0,3.954248,-10.045752048492432,10.045752048492432
2022,8,LAR,SF,0.0,-1.0,0.5120034919249236,-17.0,-3.3499682,13.650031805038452,13.650031805038452
2022,8,TB,BAL,0.0,-2.0,0.5427435387673957,-5.0,-3.838697,1.1613030433654785,1.1613030433654785
2022,9,ARI,SEA,0.0,-2.5,0.5455613883883099,-10.0,0.48913363,10.48913362622261,10.48913362622261
2022,9,ATL,LAC,0.0,2.5,0.4365079365079364,-3.0,-4.2992086,-1.299208641052246,1.299208641052246
2022,9,CHI,MIA,0.0,4.0,0.3613522820972983,-3.0,-1.2950196,1.7049803733825684,1.7049803733825684
2022,9,CIN,CAR,0.0,-7.0,0.7345044910922536,21.0,9.770148,-11.229851722717285,11.229851722717285
2022,9,DET,GB,0.0,4.0,0.3568610361925401,6.0,-5.5174646,-11.517464637756348,11.517464637756348
2022,9,HOU,PHI,0.0,14.0,0.1458025532438236,-12.0,-6.1175733,5.882426738739014,5.882426738739014
2022,9,JAX,LV,0.0,2.5,0.4432163786069282,7.0,-1.934871,-8.934870958328247,8.934870958328247
2022,9,KC,TEN,0.0,-14.0,0.8573510004500691,3.0,14.523088,11.523088455200195,11.523088455200195
2022,9,NE,IND,0.0,-5.0,0.6630327056491576,23.0,6.8626204,-16.13737964630127,16.13737964630127
2022,9,NO,BAL,0.0,2.0,0.4592767894747398,-14.0,-0.5210712,13.478928804397583,13.478928804397583
2022,9,NYJ,BUF,0.0,10.5,0.1889937549889655,3.0,-5.1430583,-8.14305830001831,8.14305830001831
2022,9,TB,LAR,0.0,-3.0,0.5885427423070201,3.0,1.8082002,-1.1917997598648071,1.1917997598648071
2022,9,WAS,MIN,0.0,3.0,0.3952569169960474,-3.0,-1.9707165,1.0292835235595703,1.0292835235595703
2022,10,BUF,MIN,0.0,-6.5,0.7040269787740527,-3.0,1.4969802,4.4969801902771,4.4969801902771
2022,10,CAR,ATL,0.0,2.5,0.4297072075990327,10.0,-0.8045782,-10.804578185081482,10.804578185081482
2022,10,CHI,DET,0.0,-3.0,0.5863112484708004,-1.0,6.7962775,7.7962775230407715,7.7962775230407715
2022,10,GB,DAL,0.0,3.5,0.3588516746411483,3.0,-7.08496,-10.084959983825684,10.084959983825684
2022,10,KC,JAX,0.0,-9.5,0.7893479926102825,10.0,15.551275,5.551275253295898,5.551275253295898
2022,10,MIA,CLE,0.0,-3.5,0.6192482177576151,22.0,7.8660946,-14.133905410766602,14.133905410766602
2022,10,NYG,HOU,0.0,-5.0,0.6665850972715037,8.0,9.286817,1.2868165969848633,1.2868165969848633
2022,10,LV,IND,0.0,-4.5,0.6502238117731741,-5.0,-1.2708206,3.7291793823242188,3.7291793823242188
2022,10,PHI,WAS,0.0,-11.0,0.8070214503080235,-11.0,15.098231,26.098231315612793,26.098231315612793
2022,10,PIT,NO,0.0,-1.0,0.5163869952805453,10.0,0.9200717,-9.079928278923035,9.079928278923035
2022,10,SF,LAC,0.0,-8.0,0.7524858563346477,6.0,8.272739,2.2727394104003906,2.2727394104003906
2022,10,LAR,ARI,0.0,-3.5,0.6135883464917158,-10.0,5.3611054,15.36110544204712,15.36110544204712
2022,10,TB,SEA,0.0,-2.5,0.5738125802310654,5.0,0.28682297,-4.713177025318146,4.713177025318146
2022,10,TEN,DEN,0.0,-2.5,0.5552803422652556,7.0,5.8724823,-1.1275177001953125,1.1275177001953125
2022,11,ARI,SF,0.0,10.0,0.2153710219473327,-28.0,-10.264286,17.735713958740234,17.735713958740234
2022,11,ATL,CHI,0.0,-2.5,0.5541341360173079,3.0,2.2066383,-0.7933616638183594,0.7933616638183594
2022,11,BAL,CAR,0.0,-12.5,0.8411122144985105,10.0,13.770289,3.770289421081543,3.770289421081543
2022,11,BUF,CLE,0.0,-8.0,0.754247813334038,8.0,7.8338733,-0.16612672805786133,0.16612672805786133
2022,11,DEN,LV,0.0,-3.0,0.5761996420491,-6.0,2.164471,8.164470911026001,8.164470911026001
2022,11,GB,TEN,0.0,-3.5,0.6150184211615681,-10.0,2.7941113,12.794111251831055,12.794111251831055
2022,11,HOU,WAS,0.0,3.0,0.404486118771833,-13.0,-2.0787947,10.921205282211304,10.921205282211304
2022,11,IND,PHI,0.0,6.5,0.2869961808001779,-1.0,-4.213467,-3.2134671211242676,3.2134671211242676
2022,11,MIN,DAL,0.0,2.0,0.4604681090645862,-37.0,-8.874073,28.125926971435547,28.125926971435547
2022,11,NE,NYJ,0.0,-3.5,0.6164383561643836,7.0,7.6539254,0.6539254188537598,0.6539254188537598
2022,11,NO,LAR,0.0,-2.0,0.5552803422652556,7.0,4.049085,-2.9509148597717285,2.9509148597717285
2022,11,NYG,DET,0.0,-3.0,0.5986359658387905,-13.0,7.1126313,20.11263132095337,20.11263132095337
2022,11,PIT,CIN,0.0,3.5,0.3738975234174495,-7.0,-5.04248,1.9575200080871582,1.9575200080871582
2022,11,LAC,KC,0.0,5.5,0.3265425480066283,-3.0,-6.9105487,-3.910548686981201,3.910548686981201
2022,12,ARI,LAC,0.0,2.5,0.4303859477238532,-1.0,-2.1912491,-1.191249132156372,1.191249132156372
2022,12,CAR,DEN,0.0,1.0,0.4848162769511084,13.0,-1.2883093,-14.288309335708618,14.288309335708618
2022,12,CLE,TB,0.0,3.5,0.3912608881907753,6.0,-3.9577656,-9.957765579223633,9.957765579223633
2022,12,DAL,NYG,0.0,-10.0,0.7935640128606433,8.0,10.911017,2.911017417907715,2.911017417907715
2022,12,DET,BUF,0.0,9.5,0.2170807879467708,-3.0,-5.0736003,-2.0736002922058105,2.0736002922058105
2022,12,IND,PIT,0.0,-2.5,0.5579231637164049,-7.0,1.8305368,8.830536842346191,8.830536842346191
2022,12,JAX,BAL,0.0,3.5,0.4008226622431057,1.0,-3.0474267,-4.047426700592041,4.047426700592041
2022,12,KC,LAR,0.0,-16.5,0.891509598570005,16.0,16.096119,0.09611892700195312,0.09611892700195312
2022,12,MIA,HOU,0.0,-14.0,0.8617087096673945,15.0,18.05169,3.0516891479492188,3.0516891479492188
2022,12,MIN,NE,0.0,-2.5,0.5678250132298465,7.0,1.9462022,-5.0537978410720825,5.0537978410720825
2022,12,NYJ,CHI,0.0,-8.5,0.7616568549561064,21.0,11.522471,-9.47752857208252,9.47752857208252
2022,12,PHI,GB,0.0,-6.5,0.7119610405036229,7.0,6.1739626,-0.8260374069213867,0.8260374069213867
2022,12,SEA,LV,0.0,-4.0,0.6483375959079284,-6.0,7.0055175,13.005517482757568,13.005517482757568
2022,12,SF,NO,0.0,-8.5,0.7714208730016167,13.0,12.81344,-0.18655967712402344,0.18655967712402344
2022,12,TEN,CIN,0.0,-0.5,0.5021949078138718,-4.0,0.9675626,4.967562615871429,4.967562615871429
2022,12,WAS,ATL,0.0,-3.5,0.6322468088310972,6.0,5.567974,-0.4320259094238281,0.4320259094238281
2022,13,ATL,PIT,0.0,1.0,0.4814150778380269,-3.0,1.4463172,4.446317195892334,4.446317195892334
2022,13,BAL,DEN,0.0,-9.0,0.7679997768334527,1.0,9.826233,8.82623291015625,8.82623291015625
2022,13,CHI,GB,0.0,3.5,0.3690596562184025,-9.0,-0.44486555,8.555134445428848,8.555134445428848
2022,13,CIN,KC,0.0,2.5,0.4365079365079364,3.0,-0.73667365,-3.736673653125763,3.736673653125763
2022,13,DAL,IND,0.0,-11.0,0.8115201691033997,35.0,21.152235,-13.84776496887207,13.84776496887207
2022,13,DET,JAX,0.0,-1.0,0.5185849221619729,26.0,4.651924,-21.34807586669922,21.34807586669922
2022,13,HOU,CLE,0.0,7.5,0.2637365314687018,-13.0,-7.054337,5.945662975311279,5.945662975311279
2022,13,MIN,NYJ,0.0,-3.0,0.5840469782236358,5.0,-0.6906252,-5.690625190734863,5.690625190734863
2022,13,NE,BUF,0.0,4.0,0.3597122302158274,-14.0,-8.803025,5.196974754333496,5.196974754333496
2022,13,NYG,WAS,0.0,2.0,0.4564315352697095,0.0,-5.4589176,-5.458917617797852,5.458917617797852
2022,13,LV,LAC,0.0,-2.5,0.5541341360173079,7.0,2.5707827,-4.429217338562012,4.429217338562012
2022,13,PHI,TEN,0.0,-4.5,0.6608307006329046,25.0,5.0069876,-19.99301242828369,19.99301242828369
2022,13,SF,MIA,0.0,-5.5,0.6728944421524135,16.0,5.1212444,-10.878755569458008,10.878755569458008
2022,13,LAR,SEA,0.0,6.5,0.2739946812797164,-4.0,-5.027243,-1.0272431373596191,1.0272431373596191
2022,13,TB,NO,0.0,-3.5,0.6265366460916022,1.0,2.9823349,1.982334852218628,1.982334852218628
2022,14,ARI,NE,0.0,2.0,0.4524623271710424,-14.0,-1.4615272,12.538472771644592,12.538472771644592
2022,14,BUF,NYJ,0.0,-10.0,0.7945557267591167,8.0,11.094796,3.0947961807250977,3.0947961807250977
2022,14,CIN,CLE,0.0,-4.0,0.6459398792030175,13.0,9.142106,-3.857893943786621,3.857893943786621
2022,14,DAL,HOU,0.0,-17.0,0.9097403369258682,4.0,11.095763,7.095763206481934,7.095763206481934
2022,14,DEN,KC,0.0,9.0,0.2159603873764591,-6.0,-4.9133196,1.0866804122924805,1.0866804122924805
2022,14,DET,MIN,0.0,-2.5,0.5590568613704292,11.0,5.34027,-5.659729957580566,5.659729957580566
2022,14,NYG,PHI,0.0,7.0,0.2605595172792101,-26.0,-5.546717,20.453282833099365,20.453282833099365
2022,14,PIT,BAL,0.0,-1.5,0.5427435387673957,-2.0,3.3014426,5.301442623138428,5.301442623138428
2022,14,LAC,MIA,0.0,3.0,0.3912608881907753,6.0,-2.254818,-8.254817962646484,8.254817962646484
2022,14,SEA,CAR,0.0,-3.5,0.6219281663516067,-6.0,4.338401,10.338400840759277,10.338400840759277
2022,14,SF,TB,0.0,-3.5,0.622910184062022,28.0,10.895266,-17.104734420776367,17.104734420776367
2022,14,LAR,LV,0.0,6.0,0.289084539789813,1.0,-1.421786,-2.4217859506607056,2.4217859506607056
2022,14,TEN,JAX,0.0,-3.5,0.6183102785522862,-14.0,3.4596875,17.45968747138977,17.45968747138977
2022,15,BUF,MIA,0.0,-7.0,0.744438106103822,3.0,7.3553905,4.355390548706055,4.355390548706055
2022,15,CAR,PIT,0.0,-3.0,0.5713889081696397,-8.0,2.8596778,10.859677791595459,10.859677791595459
2022,15,CHI,PHI,0.0,8.5,0.2327021600015013,-5.0,-6.0667,-1.0666999816894531,1.0666999816894531
2022,15,CLE,BAL,0.0,-3.0,0.5889887210858344,10.0,2.7968361,-7.2031638622283936,7.2031638622283936
2022,15,DEN,ARI,0.0,-2.0,0.5354263026482748,9.0,3.3068135,-5.693186521530151,5.693186521530151
2022,15,GB,LAR,0.0,-7.5,0.754937973594173,12.0,13.327555,1.327554702758789,1.327554702758789
2022,15,HOU,KC,0.0,14.0,0.13183146427268,-6.0,-7.883628,-1.8836278915405273,1.8836278915405273
2022,15,JAX,DAL,0.0,4.0,0.3535821933688847,6.0,-4.349275,-10.3492751121521,10.3492751121521
2022,15,MIN,IND,0.0,-3.5,0.6352343865529649,3.0,7.9626236,4.962623596191406,4.962623596191406
2022,15,NO,ATL,0.0,-5.0,0.6682416809088167,3.0,3.717703,0.717703104019165,0.717703104019165
2022,15,NYJ,DET,0.0,-2.0,0.5435684647302904,-3.0,0.59737295,3.5973729491233826,3.5973729491233826
2022,15,LV,NE,0.0,-2.5,0.552982006111132,6.0,3.2890816,-2.710918426513672,2.710918426513672
2022,15,LAC,TEN,0.0,-3.0,0.5834290025256667,3.0,2.5027797,-0.4972202777862549,0.4972202777862549
2022,15,SEA,SF,0.0,3.0,0.3826322930800542,-8.0,-6.326156,1.6738438606262207,1.6738438606262207
2022,15,TB,CIN,0.0,3.0,0.3793616536414697,-11.0,-4.154584,6.845416069030762,6.845416069030762
2022,15,WAS,NYG,0.0,-4.0,0.6467817896389325,-8.0,1.0432057,9.043205738067627,9.043205738067627
2022,16,ARI,TB,0.0,7.5,0.2488511461664561,-3.0,-5.1922326,-2.192232608795166,2.192232608795166
2022,16,BAL,ATL,0.0,-6.5,0.7107872596153846,8.0,6.1257563,-1.8742437362670898,1.8742437362670898
2022,16,CAR,DET,0.0,2.0,0.4516676961087091,14.0,-1.1137891,-15.113789081573486,15.113789081573486
2022,16,CHI,BUF,0.0,8.5,0.234561991383437,-22.0,-4.2827034,17.717296600341797,17.717296600341797
2022,16,CLE,NO,0.0,-3.5,0.6183102785522862,-7.0,-0.5814787,6.418521285057068,6.418521285057068
2022,16,DAL,PHI,0.0,-4.0,0.6423861516710428,6.0,6.2486744,0.2486743927001953,0.2486743927001953
2022,16,IND,LAC,0.0,3.5,0.3605769230769231,-17.0,-9.709078,7.290922164916992,7.290922164916992
2022,16,KC,SEA,0.0,-10.0,0.8016528925619835,14.0,14.637106,0.6371059417724609,0.6371059417724609
2022,16,MIA,GB,0.0,-3.5,0.62739303610433,-6.0,0.7939316,6.793931603431702,6.793931603431702
2022,16,MIN,NYG,0.0,-4.5,0.659719268396427,3.0,6.3148723,3.3148722648620605,3.3148722648620605
2022,16,NE,CIN,0.0,3.0,0.40822710565418,-4.0,-1.256225,2.7437750101089478,2.7437750101089478
2022,16,NYJ,JAX,0.0,-2.5,0.5623711526637492,-16.0,-2.2836564,13.716343641281128,13.716343641281128
2022,16,PIT,LV,0.0,-2.5,0.55603641247575,3.0,7.7003036,4.700303554534912,4.700303554534912
2022,16,SF,WAS,0.0,-6.5,0.7137967661985128,17.0,9.495432,-7.504568099975586,7.504568099975586
2022,16,LAR,DEN,0.0,3.0,0.3859348198970841,37.0,0.42242154,-36.57757845520973,36.57757845520973
2022,16,TEN,HOU,0.0,-3.0,0.6116614137775777,-5.0,10.6640625,15.6640625,15.6640625
2022,17,ATL,ARI,0.0,-6.5,0.7149460147119934,1.0,6.1156945,5.115694522857666,5.115694522857666
2022,17,BAL,PIT,0.0,-0.5,0.5173641257162701,-3.0,2.7623982,5.7623982429504395,5.7623982429504395
2022,17,CIN,BUF,0.0,2.5,0.4365079365079364,0.0,-4.1663804,-4.166380405426025,4.166380405426025
2022,17,DET,CHI,0.0,-4.5,0.6574752261956054,31.0,9.119336,-21.880663871765137,21.880663871765137
2022,17,GB,MIN,0.0,-3.0,0.6106973595125254,24.0,4.5618825,-19.438117504119873,19.438117504119873
2022,17,HOU,JAX,0.0,3.5,0.3707965733282189,-28.0,-9.185865,18.81413459777832,18.81413459777832
2022,17,KC,DEN,0.0,-12.5,0.8502115783152187,3.0,16.11781,13.117809295654297,13.117809295654297
2022,17,NE,MIA,0.0,-3.0,0.5889887210858344,2.0,-1.1647265,-3.164726495742798,3.164726495742798
2022,17,NYG,IND,0.0,-5.5,0.6819983408609089,28.0,8.9977865,-19.00221347808838,19.00221347808838
2022,17,LV,SF,0.0,9.5,0.2107811345228578,-3.0,-4.9735126,-1.9735126495361328,1.9735126495361328
2022,17,PHI,NO,0.0,-4.5,0.6687141274796093,-10.0,4.403556,14.403555870056152,14.403555870056152
2022,17,LAC,LAR,0.0,-6.5,0.7044334975369458,21.0,7.123861,-13.876139163970947,13.876139163970947
2022,17,SEA,NYJ,0.0,2.0,0.469641060046964,17.0,-2.303058,-19.30305790901184,19.30305790901184
2022,17,TB,CAR,0.0,-3.5,0.6381678465541235,6.0,3.5353558,-2.464644193649292,2.464644193649292
2022,17,TEN,DAL,0.0,13.5,0.1436850043661189,-14.0,-7.703281,6.296719074249268,6.296719074249268
2022,17,WAS,CLE,0.0,-1.0,0.5273176340331304,-14.0,-3.3658698,10.634130239486694,10.634130239486694
2022,18,ATL,TB,0.0,-6.0,0.6870458375313178,13.0,7.0084987,-5.991501331329346,5.991501331329346
2022,18,BUF,NE,0.0,-8.0,0.7626520204001569,12.0,7.3617587,-4.638241291046143,4.638241291046143
2022,18,CHI,MIN,0.0,6.5,0.2879796544244146,-16.0,-6.7775917,9.222408294677734,9.222408294677734
2022,18,CIN,BAL,0.0,-11.5,0.8316333833964613,11.0,8.220648,-2.7793521881103516,2.7793521881103516
2022,18,DEN,LAC,0.0,-6.5,0.7024990083300278,3.0,4.1424007,1.1424007415771484,1.1424007415771484
2022,18,GB,DET,0.0,-4.5,0.6810207336523125,-4.0,3.8999314,7.89993143081665,7.89993143081665
2022,18,IND,HOU,0.0,-3.0,0.5772773969718915,-1.0,2.2493408,3.249340772628784,3.249340772628784
2022,18,JAX,TEN,0.0,-5.5,0.7052737191948328,4.0,7.661381,3.6613807678222656,3.6613807678222656
2022,18,MIA,NYJ,0.0,-4.0,0.6556812592228234,5.0,3.6861835,-1.3138165473937988,1.3138165473937988
2022,18,NO,CAR,0.0,-3.5,0.6238326976193608,-3.0,3.1295452,6.129545211791992,6.129545211791992
2022,18,LV,KC,0.0,8.5,0.2263315247480899,-18.0,-7.9288573,10.071142673492432,10.071142673492432
2022,18,PHI,NYG,0.0,-16.5,0.9001318552522343,6.0,8.884181,2.884181022644043,2.884181022644043
2022,18,PIT,CLE,0.0,-2.5,0.578989574979952,14.0,7.8406405,-6.159359455108643,6.159359455108643
2022,18,SEA,LAR,0.0,-5.0,0.6790480301807467,3.0,8.695776,5.695775985717773,5.695775985717773
2022,18,SF,ARI,0.0,-14.5,0.8805583185220214,25.0,17.300055,-7.699945449829102,7.699945449829102
2022,18,WAS,DAL,0.0,7.5,0.2587465685415571,20.0,-2.4553287,-22.455328702926636,22.455328702926636
2023,1,ATL,CAR,,-3.5,0.6251893642584757,14.0,3.2315948,-10.768405199050903,10.768405199050903
2023,1,BAL,HOU,,-9.5,0.7890469576967831,16.0,8.264887,-7.735113143920898,7.735113143920898
2023,1,CHI,GB,,-1.0,0.5217391304347826,-18.0,-0.94504297,17.054957032203674,17.054957032203674
2023,1,CLE,CIN,,-0.5,0.5010897994768962,21.0,-1.5244329,-22.52443289756775,22.52443289756775
2023,1,DEN,LV,,-3.0,0.5990922844175491,-1.0,3.2315948,4.231594800949097,4.231594800949097
2023,1,IND,JAX,,3.5,0.3634894991922456,-10.0,-7.306272,2.693727970123291,2.693727970123291
2023,1,KC,DET,,-4.0,0.6464178066311151,-1.0,2.329507,3.3295071125030518,3.3295071125030518
2023,1,MIN,TB,,-4.0,0.6498757623672915,-3.0,2.4389455,5.438945531845093,5.438945531845093
2023,1,NE,PHI,,3.5,0.3748106357415243,-5.0,-8.63233,-3.6323299407958984,3.6323299407958984
2023,1,NO,TEN,,-2.5,0.5772773969718915,1.0,1.0500965,0.05009651184082031,0.05009651184082031
2023,1,NYG,DAL,,3.5,0.3907927510091901,-40.0,-7.670308,32.329691886901855,32.329691886901855
2023,1,NYJ,BUF,,2.5,0.4462611565289132,6.0,-3.570482,-9.570482015609741,9.570482015609741
2023,1,PIT,SF,,1.0,0.4748399295260195,-23.0,-4.8498077,18.150192260742188,18.150192260742188
2023,1,LAC,MIA,,-3.0,0.5943895717868533,-2.0,0.8234233,2.8234233260154724,2.8234233260154724
2023,1,SEA,LAR,,-4.5,0.6600368558175002,-17.0,4.4460025,21.44600248336792,21.44600248336792
2023,1,WAS,ARI,,-7.0,0.7379912663755459,4.0,6.965708,2.965707778930664,2.965707778930664
2023,2,ARI,NYG,0.0,4.5,0.3402807316035729,-3.0,-2.6092355,0.3907644748687744,0.3907644748687744
2023,2,ATL,GB,0.0,-3.0,0.5779177274554469,1.0,8.299972,7.299971580505371,7.299971580505371
2023,2,BUF,LV,0.0,-7.5,0.7515541427533009,28.0,8.443238,-19.556761741638184,19.556761741638184
2023,2,CAR,NO,0.0,3.0,0.394738758684981,-3.0,-5.997904,-2.997903823852539,2.997903823852539
2023,2,CIN,BAL,0.0,-3.5,0.6082370668006027,-3.0,-1.8894483,1.1105517148971558,1.1105517148971558
2023,2,DAL,NYJ,0.0,-8.5,0.7771578266934304,20.0,11.383849,-8.616150856018066,8.616150856018066
2023,2,DEN,WAS,0.0,-3.5,0.6348331992325309,-2.0,4.6746836,6.674683570861816,6.674683570861816
2023,2,DET,SEA,0.0,-4.5,0.6593990903072883,-6.0,0.6869669,6.686966896057129,6.686966896057129
2023,2,HOU,IND,0.0,-0.5,0.5054504229528212,-11.0,0.5076207,11.507620692253113,11.507620692253113
2023,2,JAX,KC,0.0,3.0,0.394738758684981,-8.0,-8.073276,-0.07327556610107422,0.07327556610107422
2023,2,NE,MIA,0.0,2.0,0.4544386116116899,-7.0,-4.5063148,2.493685245513916,2.493685245513916
2023,2,PHI,MIN,0.0,-6.0,0.6894002362308063,6.0,9.344454,3.344453811645508,3.344453811645508
2023,2,PIT,CLE,0.0,2.5,0.4409431386295709,4.0,0.18969923,-3.8103007674217224,3.8103007674217224
2023,2,LAR,SF,0.0,7.0,0.2590004111117637,-7.0,0.12802663,7.128026634454727,7.128026634454727
2023,2,TB,CHI,0.0,-2.5,0.551441114716549,10.0,7.10647,-2.8935298919677734,2.8935298919677734
2023,2,TEN,LAC,0.0,2.5,0.4303859477238532,3.0,1.4349747,-1.5650253295898438,1.5650253295898438
2023,3,ARI,DAL,0.0,11.5,0.1631831992254014,12.0,-6.443358,-18.443357944488525,18.443357944488525
2023,3,BAL,IND,0.0,-7.5,0.7588297378739286,-3.0,7.558753,10.55875301361084,10.55875301361084
2023,3,CIN,LAR,0.0,-3.5,0.6047430830039525,3.0,2.5741813,-0.42581868171691895,0.42581868171691895
2023,3,CLE,TEN,0.0,-3.5,0.6183102785522862,24.0,6.1932235,-17.806776523590088,17.806776523590088
2023,3,DET,ATL,0.0,-3.0,0.6077645442052222,14.0,-0.5265298,-14.526529788970947,14.526529788970947
2023,3,GB,NO,0.0,1.5,0.4708652148322542,1.0,4.164147,3.164146900177002,3.164146900177002
2023,3,JAX,HOU,0.0,-7.5,0.7624562613966782,-20.0,6.7360144,26.736014366149902,26.736014366149902
2023,3,KC,CHI,0.0,-12.5,0.8477170259262217,31.0,13.101688,-17.898311614990234,17.898311614990234
2023,3,MIA,DEN,0.0,-6.0,0.6917105342252831,50.0,20.456505,-29.543495178222656,29.543495178222656
2023,3,MIN,LAC,0.0,0.5,0.4989102005231036,-4.0,-1.263476,2.736523985862732,2.736523985862732
2023,3,NYJ,NE,0.0,2.5,0.4402054292002935,-5.0,2.4704578,7.4704577922821045,7.4704577922821045
2023,3,LV,PIT,0.0,-3.0,0.5901639344262295,-5.0,9.460279,14.46027946472168,14.46027946472168
2023,3,SEA,CAR,0.0,-4.5,0.6613039796782388,10.0,3.7088509,-6.291149139404297,6.291149139404297
2023,3,SF,NYG,0.0,-10.5,0.8143588985484174,18.0,14.430328,-3.569671630859375,3.569671630859375
2023,3,TB,PHI,0.0,5.5,0.3099083369707551,-14.0,-0.62754,13.372460007667542,13.372460007667542
2023,3,WAS,BUF,0.0,5.0,0.3267371850185668,-34.0,-7.662707,26.33729314804077,26.33729314804077
2023,4,BUF,MIA,0.0,-3.0,0.5781011228489802,28.0,10.508919,-17.49108123779297,17.49108123779297
2023,4,CAR,MIN,0.0,4.0,0.3472527472527472,-8.0,-4.8931894,3.1068105697631836,3.1068105697631836
2023,4,CHI,DEN,0.0,3.0,0.4091538449571399,-3.0,-0.5187218,2.48127818107605,2.48127818107605
2023,4,CLE,BAL,0.0,1.5,0.4767176057232358,-25.0,-3.5420513,21.457948684692383,21.457948684692383
2023,4,DAL,NE,0.0,-6.0,0.7011952191235059,35.0,10.412318,-24.587681770324707,24.587681770324707
2023,4,GB,DET,0.0,2.5,0.4443618109138236,-14.0,-5.7160263,8.283973693847656,8.283973693847656
2023,4,HOU,PIT,0.0,3.0,0.4135464401475355,24.0,0.81299525,-23.18700474500656,23.18700474500656
2023,4,IND,LAR,0.0,1.5,0.4794993526111351,-6.0,3.307299,9.3072988986969,9.3072988986969
2023,4,JAX,ATL,0.0,-3.5,0.6187679333988927,16.0,2.1224308,-13.877569198608398,13.877569198608398
2023,4,NO,TB,0.0,-4.5,0.6446059988655175,-17.0,1.6000012,18.600001215934753,18.600001215934753
2023,4,NYG,SEA,0.0,2.5,0.4337094499294781,-21.0,-7.5807266,13.419273376464844,13.419273376464844
2023,4,NYJ,KC,0.0,8.0,0.2241505204707161,-3.0,-6.9032087,-3.9032087326049805,3.9032087326049805
2023,4,PHI,WAS,0.0,-9.0,0.7874440142716163,3.0,9.588552,6.588552474975586,6.588552474975586
2023,4,LAC,LV,0.0,-6.5,0.7162459766220566,7.0,5.3146286,-1.6853713989257812,1.6853713989257812
2023,4,SF,ARI,0.0,-14.5,0.8770379770074129,19.0,16.288097,-2.711902618408203,2.711902618408203
2023,4,TEN,CIN,0.0,2.5,0.4266211604095563,24.0,1.9322727,-22.0677273273468,22.0677273273468
2023,5,ARI,CIN,0.0,3.5,0.3987548176697302,-14.0,-2.1820264,11.817973613739014,11.817973613739014
2023,5,ATL,HOU,0.0,-2.5,0.5567836213930717,2.0,6.2212734,4.221273422241211,4.221273422241211
2023,5,BUF,JAX,0.0,-4.5,0.6720293427002272,-5.0,6.4848595,11.484859466552734,11.484859466552734
2023,5,DEN,NYJ,0.0,-2.5,0.5498931949954227,-10.0,0.329887,10.329887002706528,10.329887002706528
2023,5,DET,CAR,0.0,-9.5,0.7878922777077403,18.0,16.295357,-1.7046432495117188,1.7046432495117188
2023,5,IND,TEN,0.0,2.5,0.4348287199066709,7.0,0.07982158,-6.920178420841694,6.920178420841694
2023,5,MIA,NYG,0.0,-13.0,0.8419085944236849,15.0,15.90771,0.907710075378418,0.907710075378418
2023,5,MIN,KC,0.0,3.5,0.3789484842060631,-7.0,-4.966094,2.0339059829711914,2.0339059829711914
2023,5,NE,NO,0.0,-1.5,0.5317753346671893,-34.0,-1.9690993,32.030900716781616,32.030900716781616
2023,5,LV,GB,0.0,-1.5,0.5236051502145922,4.0,-0.2075746,-4.2075746059417725,4.2075746059417725
2023,5,PIT,BAL,0.0,4.5,0.3387180823345492,7.0,-4.299998,-11.299997806549072,11.299997806549072
2023,5,SF,DAL,0.0,-3.5,0.6201583565161567,32.0,14.868526,-17.131473541259766,17.131473541259766
2023,5,LAR,PHI,0.0,3.5,0.3635833019200603,-9.0,-7.001775,1.998225212097168,1.998225212097168
2023,5,WAS,CHI,0.0,-6.0,0.697265625,-20.0,6.267101,26.26710081100464,26.26710081100464
2023,6,ATL,WAS,0.0,-1.5,0.5338567222767419,-8.0,-3.337756,4.662244081497192,4.662244081497192
2023,6,BUF,NYG,0.0,-16.0,0.8873063987044804,5.0,14.101885,9.101884841918945,9.101884841918945
2023,6,CHI,MIN,0.0,3.0,0.4059747223286097,-6.0,-2.165559,3.8344409465789795,3.8344409465789795
2023,6,CIN,SEA,0.0,-3.0,0.5791775738096027,4.0,1.8594793,-2.140520691871643,2.140520691871643
2023,6,CLE,SF,0.0,9.5,0.1986103743190963,2.0,-5.1458035,-7.145803451538086,7.145803451538086
2023,6,HOU,NO,0.0,2.5,0.448942322325369,7.0,-0.9458688,-7.945868790149689,7.945868790149689
2023,6,JAX,IND,0.0,-4.0,0.6401849115951008,17.0,4.396036,-12.603963851928711,12.603963851928711
2023,6,KC,DEN,0.0,-10.5,0.8271153020647103,11.0,11.092177,0.0921773910522461,0.0921773910522461
2023,6,MIA,CAR,0.0,-14.0,0.8759702657193315,21.0,17.301556,-3.698444366455078,3.698444366455078
2023,6,NYJ,PHI,0.0,6.5,0.282382947713609,6.0,-0.81799614,-6.817996144294739,6.817996144294739
2023,6,LV,NE,0.0,-3.0,0.5751163774862462,4.0,5.500832,1.5008320808410645,1.5008320808410645
2023,6,LAC,DAL,0.0,1.5,0.47423601216426,-3.0,-3.2220151,-0.2220151424407959,0.2220151424407959
2023,6,LAR,ARI,0.0,-7.0,0.7331512970088122,17.0,10.59555,-6.404450416564941,6.404450416564941
2023,6,TB,DET,0.0,3.0,0.4065291037881121,-14.0,-5.5452247,8.454775333404541,8.454775333404541
2023,6,TEN,BAL,0.0,5.5,0.3176875922860083,-8.0,-7.7400494,0.2599506378173828,0.2599506378173828
2023,7,BAL,DET,0.0,-3.0,0.5966152073033878,32.0,4.4180694,-27.58193063735962,27.58193063735962
2023,7,CHI,LV,0.0,2.5,0.4493402093129076,18.0,2.4506745,-15.549325466156006,15.549325466156006
2023,7,DEN,GB,0.0,-1.5,0.5226781857451405,2.0,0.46645287,-1.5335471332073212,1.5335471332073212
2023,7,IND,CLE,0.0,3.5,0.3798847063199001,-1.0,-5.1093674,-4.109367370605469,4.109367370605469
2023,7,KC,LAC,0.0,-5.5,0.6830313726902711,14.0,10.529607,-3.470393180847168,3.470393180847168
2023,7,MIN,SF,0.0,6.5,0.2734761120263591,5.0,-7.4842234,-12.484223365783691,12.484223365783691
2023,7,NE,BUF,0.0,7.5,0.2337346011522788,4.0,-4.2077837,-8.207783699035645,8.207783699035645
2023,7,NO,JAX,0.0,-2.5,0.562661313449957,-7.0,0.44760665,7.447606652975082,7.447606652975082
2023,7,NYG,WAS,0.0,3.0,0.41191381495564,7.0,-4.4269047,-11.426904678344727,11.426904678344727
2023,7,PHI,MIA,0.0,-3.0,0.5886654478976234,14.0,4.546027,-9.453972816467285,9.453972816467285
2023,7,SEA,ARI,0.0,-9.0,0.783241566989431,10.0,10.274118,0.27411842346191406,0.27411842346191406
2023,7,LAR,PIT,0.0,-3.5,0.6062992125984251,-7.0,8.261286,15.261285781860352,15.261285781860352
2023,7,TB,ATL,0.0,-2.5,0.5763917957304312,-3.0,0.10535465,3.1053546518087387,3.1053546518087387
2023,8,ARI,BAL,0.0,9.5,0.2195321608414158,-7.0,-8.345786,-1.3457860946655273,1.3457860946655273
2023,8,BUF,TB,0.0,-10.0,0.7913649464431667,6.0,6.6400223,0.6400222778320312,0.6400222778320312
2023,8,CAR,HOU,0.0,3.5,0.3854625550660792,2.0,-3.6363828,-5.636382818222046,5.636382818222046
2023,8,DAL,LAR,0.0,-7.0,0.7193030973451328,23.0,9.9218,-13.078200340270996,13.078200340270996
2023,8,DEN,KC,0.0,7.0,0.2706005028179556,15.0,-8.437143,-23.437143325805664,23.437143325805664
2023,8,DET,LV,0.0,-7.0,0.736128594945289,12.0,10.198353,-1.8016471862792969,1.8016471862792969
2023,8,GB,MIN,0.0,1.0,0.4925753075943997,-14.0,-2.6033592,11.39664077758789,11.39664077758789
2023,8,IND,NO,0.0,2.0,0.452053476964509,-11.0,3.596234,14.59623408317566,14.59623408317566
2023,8,MIA,NE,0.0,-7.5,0.7629845820755301,14.0,7.3100395,-6.689960479736328,6.689960479736328
2023,8,NYG,NYJ,0.0,3.0,0.3982300884955752,-3.0,-2.623351,0.3766489028930664,0.3766489028930664
2023,8,PIT,JAX,0.0,2.5,0.4428925847652301,-10.0,-3.194102,6.805897951126099,6.805897951126099
2023,8,LAC,CHI,0.0,-9.5,0.7934832491968792,17.0,12.417494,-4.58250617980957,4.58250617980957
2023,8,SEA,CLE,0.0,-4.0,0.6376811594202898,4.0,4.4429417,0.44294166564941406,0.44294166564941406
2023,8,SF,CIN,0.0,-4.0,0.6480620854577448,-14.0,1.2563634,15.25636339187622,15.25636339187622
2023,8,TEN,ATL,0.0,2.0,0.4470179938888678,5.0,-0.80291206,-5.802912056446075,5.802912056446075
2023,8,WAS,PHI,0.0,7.0,0.2680847872819077,-7.0,-6.1994305,0.8005695343017578,0.8005695343017578
2023,9,ATL,MIN,0.0,-3.5,0.6294668090184011,-3.0,4.3191113,7.319111347198486,7.319111347198486
2023,9,BAL,SEA,0.0,-6.0,0.6994212259776804,34.0,15.822223,-18.17777729034424,18.17777729034424
2023,9,CAR,IND,0.0,1.5,0.4751508925131629,-14.0,-1.6362342,12.363765835762024,12.363765835762024
2023,9,CIN,BUF,0.0,-1.5,0.5379670550421856,6.0,0.48661658,-5.5133834183216095,5.5133834183216095
2023,9,CLE,ARI,0.0,-12.5,0.845052419986235,27.0,17.148252,-9.851747512817383,9.851747512817383
2023,9,GB,LAR,0.0,-4.0,0.6405608673989892,17.0,7.445427,-9.554573059082031,9.554573059082031
2023,9,HOU,TB,0.0,-2.5,0.5674040727323885,2.0,6.0784326,4.078432559967041,4.078432559967041
2023,9,KC,MIA,0.0,0.5,0.4989251934651763,7.0,1.3323956,-5.667604446411133,5.667604446411133
2023,9,NE,WAS,0.0,-2.5,0.5774741975349879,-3.0,3.7030225,6.703022480010986,6.703022480010986
2023,9,NO,CHI,0.0,-8.5,0.7772173182009248,7.0,14.637042,7.637042045593262,7.637042045593262
2023,9,NYJ,LAC,0.0,3.5,0.3902714932126697,-21.0,-10.996387,10.003613471984863,10.003613471984863
2023,9,LV,NYG,0.0,-1.0,0.5118381403357727,24.0,3.8979366,-20.102063417434692,20.102063417434692
2023,9,PHI,DAL,0.0,-3.5,0.6082621082621081,5.0,-0.32094714,-5.320947140455246,5.320947140455246
2023,9,PIT,TEN,0.0,-3.0,0.6053103695730176,4.0,0.38545218,-3.6145478188991547,3.6145478188991547
2023,10,ARI,ATL,0.0,2.0,0.4591877127701685,2.0,-1.3694754,-3.3694753646850586,3.3694753646850586
2023,10,BAL,CLE,0.0,-5.5,0.6853932584269663,-2.0,6.3196597,8.31965970993042,8.31965970993042
2023,10,BUF,DEN,0.0,-7.5,0.7575972267908201,-2.0,7.9713383,9.971338272094727,9.971338272094727
2023,10,CHI,CAR,0.0,-3.0,0.6168789852031353,3.0,8.324696,5.324695587158203,5.324695587158203
2023,10,CIN,HOU,0.0,-5.5,0.6894086618545252,-3.0,4.887452,7.887452125549316,7.887452125549316
2023,10,DAL,NYG,0.0,-17.5,0.9166408032861708,32.0,10.353025,-21.646974563598633,21.646974563598633
2023,10,JAX,SF,0.0,3.0,0.3937007874015747,-31.0,-10.006246,20.993754386901855,20.993754386901855
2023,10,MIN,NO,0.0,3.0,0.4212787047744921,8.0,-2.4594004,-10.459400415420532,10.459400415420532
2023,10,NE,IND,0.0,1.5,0.4763948497854076,-4.0,-1.8707732,2.129226803779602,2.129226803779602
2023,10,LV,NYJ,0.0,0.5,0.4956702459300312,4.0,3.9553072,-0.0446927547454834,0.0446927547454834
2023,10,PIT,GB,0.0,-3.0,0.6053103695730176,4.0,5.7728834,1.772883415222168,1.772883415222168
2023,10,LAC,DET,0.0,2.0,0.4462611565289132,-3.0,2.6086147,5.608614683151245,5.608614683151245
2023,10,SEA,WAS,0.0,-5.5,0.6926151423031001,3.0,5.5679393,2.567939281463623,2.567939281463623
2023,10,TB,TEN,0.0,-2.5,0.5691910559179544,14.0,0.9667425,-13.033257484436035,13.033257484436035
2023,11,BAL,CIN,0.0,-4.0,0.6405608673989892,14.0,8.361955,-5.638045310974121,5.638045310974121
2023,11,BUF,NYJ,0.0,-8.0,0.7666113657452971,26.0,6.7071886,-19.292811393737793,19.292811393737793
2023,11,CAR,DAL,0.0,11.0,0.1718899170154953,-23.0,-11.824656,11.175344467163086,11.175344467163086
2023,11,CLE,PIT,0.0,-2.5,0.554890592855807,3.0,0.68785614,-2.312143862247467,2.312143862247467
2023,11,DEN,MIN,0.0,-2.5,0.5709639471316864,1.0,2.1530125,1.1530125141143799,1.1530125141143799
2023,11,DET,CHI,0.0,-8.0,0.7667910447761195,5.0,5.7106814,0.7106814384460449,0.7106814384460449
2023,11,GB,LAC,0.0,3.0,0.4157903251900987,3.0,-5.3157744,-8.31577444076538,8.31577444076538
2023,11,HOU,ARI,0.0,-5.5,0.6834752237502729,5.0,12.119979,7.119978904724121,7.119978904724121
2023,11,JAX,TEN,0.0,-6.5,0.7206473842436889,20.0,9.001464,-10.998536109924316,10.998536109924316
2023,11,KC,PHI,0.0,-3.0,0.5691910559179544,-4.0,1.1351956,5.13519561290741,5.13519561290741
2023,11,MIA,LV,0.0,-14.0,0.8611315815449687,7.0,8.267136,1.2671356201171875,1.2671356201171875
2023,11,SF,TB,0.0,-13.5,0.85523099195232,13.0,16.882408,3.8824081420898438,3.8824081420898438
2023,11,LAR,SEA,0.0,-2.0,0.5498931949954227,1.0,-1.6597605,-2.6597604751586914,2.6597604751586914
2023,11,WAS,NYG,0.0,-7.5,0.7621415063071494,-12.0,7.694221,19.694221019744873,19.694221019744873
2023,12,ARI,LAR,0.0,3.0,0.4225258024650122,-23.0,-2.5519626,20.44803738594055,20.44803738594055
2023,12,ATL,NO,0.0,2.0,0.4559954596160244,9.0,2.4007313,-6.599268674850464,6.599268674850464
2023,12,CIN,PIT,0.0,2.0,0.448942322325369,-6.0,0.08187684,6.081876836717129,6.081876836717129
2023,12,DAL,WAS,0.0,-13.0,0.8450113366266142,35.0,17.88446,-17.11553955078125,17.11553955078125
2023,12,DEN,CLE,0.0,-2.0,0.5383343749369998,17.0,0.82246333,-16.17753666639328,16.17753666639328
2023,12,DET,GB,0.0,-8.5,0.7691309396416293,-7.0,6.0920353,13.092035293579102,13.092035293579102
2023,12,HOU,JAX,0.0,1.0,0.4850248160191682,-3.0,3.7945342,6.794534206390381,6.794534206390381
2023,12,IND,TB,0.0,-2.5,0.5718331002012896,7.0,3.890618,-3.109381914138794,3.109381914138794
2023,12,MIN,CHI,0.0,-3.0,0.5934708962118879,-2.0,5.519532,7.519532203674316,7.519532203674316
2023,12,NYG,NE,0.0,4.0,0.3490888001606031,3.0,-4.321242,-7.321241855621338,7.321241855621338
2023,12,NYJ,MIA,0.0,9.5,0.2090552215229726,-21.0,-5.2349033,15.765096664428711,15.765096664428711
2023,12,LV,KC,0.0,9.0,0.210208432022738,-14.0,-8.485552,5.514448165893555,5.514448165893555
2023,12,PHI,BUF,0.0,-2.5,0.5716276429198135,3.0,6.231156,3.2311558723449707,3.2311558723449707
2023,12,LAC,BAL,0.0,3.5,0.3966870095902354,-10.0,-4.908448,5.091551780700684,5.091551780700684
2023,12,SEA,SF,0.0,7.0,0.2667157178331647,-18.0,-13.27063,4.7293701171875,4.7293701171875
2023,12,TEN,CAR,0.0,-3.5,0.6164204684567045,7.0,6.70621,-0.2937898635864258,0.2937898635864258
2023,13,DAL,SEA,0.0,-9.5,0.7901550192850493,6.0,9.382269,3.3822689056396484,3.3822689056396484
2023,13,GB,KC,0.0,5.5,0.3110582972179505,8.0,-6.3444486,-14.344448566436768,14.344448566436768
2023,13,HOU,DEN,0.0,-3.5,0.6012451823302698,5.0,5.2113953,0.211395263671875,0.211395263671875
2023,13,JAX,CIN,0.0,-10.0,0.8038426717634041,-3.0,4.9508066,7.950806617736816,7.950806617736816
2023,13,NE,LAC,0.0,4.5,0.334369981909466,-6.0,-6.899349,-0.8993492126464844,0.8993492126464844
2023,13,NO,DET,0.0,4.0,0.3615554065702519,-5.0,-7.5995984,-2.5995984077453613,2.5995984077453613
2023,13,NYJ,ATL,0.0,2.0,0.4516676961087091,-5.0,-3.7635596,1.2364404201507568,1.2364404201507568
2023,13,PHI,SF,0.0,3.0,0.4135464401475355,-23.0,-7.404027,15.595973014831543,15.595973014831543
2023,13,PIT,ARI,0.0,-6.0,0.7051741170659422,-14.0,6.00093,20.000929832458496,20.000929832458496
2023,13,LAR,CLE,0.0,-3.5,0.6210515157939368,17.0,2.0053148,-14.994685173034668,14.994685173034668
2023,13,TB,CAR,0.0,-3.5,0.6290595271139822,3.0,7.452037,4.4520368576049805,4.4520368576049805
2023,13,TEN,IND,0.0,1.0,0.4785600960507697,-3.0,2.7437084,5.743708372116089,5.743708372116089
2023,13,WAS,MIA,0.0,9.0,0.2166536568269797,-30.0,-8.719928,21.28007221221924,21.28007221221924
2023,14,ATL,TB,0.0,-1.5,0.5342156560993125,-4.0,-0.89843154,3.1015684604644775,3.1015684604644775
2023,14,BAL,LAR,0.0,-7.5,0.7473637961335676,6.0,10.597052,4.597051620483398,4.597051620483398
2023,14,CHI,DET,0.0,3.0,0.3967150239346518,15.0,-0.30238494,-15.302384942770004,15.302384942770004
2023,14,CIN,IND,0.0,-3.0,0.579797313998517,20.0,6.719555,-13.280445098876953,13.280445098876953
2023,14,CLE,JAX,0.0,-2.5,0.5575221238938054,4.0,1.5888267,-2.4111733436584473,2.4111733436584473
2023,14,DAL,PHI,0.0,-3.5,0.6192212807036361,20.0,7.006198,-12.993802070617676,12.993802070617676
2023,14,KC,BUF,0.0,-1.5,0.5270012302210156,-3.0,-3.9455752,-0.9455752372741699,0.9455752372741699
2023,14,MIA,TEN,0.0,-13.5,0.862675089261192,-1.0,16.985237,17.98523712158203,17.98523712158203
2023,14,NO,CAR,0.0,-5.5,0.6803404788444355,22.0,8.667938,-13.332061767578125,13.332061767578125
2023,14,NYG,GB,0.0,5.5,0.3179592135077845,2.0,-3.7694242,-5.769424200057983,5.769424200057983
2023,14,NYJ,HOU,0.0,3.0,0.3893012183167623,24.0,-2.3891356,-26.389135599136353,26.389135599136353
2023,14,LV,MIN,0.0,3.0,0.4195895889333246,-3.0,-1.0585649,1.9414350986480713,1.9414350986480713
2023,14,PIT,NE,0.0,-5.0,0.6891728544292868,-3.0,8.714779,11.714778900146484,11.714778900146484
2023,14,LAC,DEN,0.0,-3.0,0.5913146565171273,-17.0,2.851776,19.851775884628296,19.851775884628296
2023,14,SF,SEA,0.0,-14.5,0.8724736252270355,12.0,15.429476,3.429475784301758,3.429475784301758
2023,15,ARI,SF,0.0,11.0,0.1551802829758101,-16.0,-8.835525,7.164475440979004,7.164475440979004
2023,15,BUF,DAL,0.0,-2.5,0.5571074152347698,21.0,2.3818786,-18.61812138557434,18.61812138557434
2023,15,CAR,ATL,0.0,3.0,0.4225258024650122,2.0,-1.2158458,-3.215845823287964,3.215845823287964
2023,15,CIN,MIN,0.0,-3.0,0.5961398838334947,3.0,1.1067132,-1.8932868242263794,1.8932868242263794
2023,15,CLE,CHI,0.0,-2.5,0.5733788395904437,3.0,2.2997348,-0.7002651691436768,0.7002651691436768
2023,15,DET,DEN,0.0,-5.5,0.676846322473354,25.0,10.996523,-14.003477096557617,14.003477096557617
2023,15,GB,TB,0.0,-3.5,0.6325719960278053,-14.0,2.420848,16.42084789276123,16.42084789276123
2023,15,IND,PIT,0.0,-1.0,0.519280205655527,17.0,0.6827396,-16.31726038455963,16.31726038455963
2023,15,JAX,BAL,0.0,4.0,0.350262697022767,-16.0,-9.544796,6.455204010009766,6.455204010009766
2023,15,MIA,NYJ,0.0,-7.0,0.7428779466642396,30.0,17.31984,-12.680160522460938,12.680160522460938
2023,15,NE,KC,0.0,10.0,0.2129787870175218,-10.0,-7.1946006,2.8053994178771973,2.8053994178771973
2023,15,NO,NYG,0.0,-6.0,0.6866033988082101,18.0,9.644369,-8.355630874633789,8.355630874633789
2023,15,LV,LAC,0.0,-3.0,0.5913146565171273,42.0,9.65428,-32.345720291137695,32.345720291137695
2023,15,SEA,PHI,0.0,5.5,0.3179592135077845,3.0,-5.77166,-8.771659851074219,8.771659851074219
2023,15,LAR,WAS,0.0,-6.5,0.7168495640046769,8.0,5.131226,-2.868773937225342,2.868773937225342
2023,15,TEN,HOU,0.0,-3.0,0.6058007711342579,-3.0,2.8693967,5.869396686553955,5.869396686553955
2023,16,ATL,IND,0.0,-3.0,0.5808678500986193,19.0,8.903991,-10.096009254455566,10.096009254455566
2023,16,CAR,GB,0.0,3.5,0.3661378009541773,-3.0,-6.1151977,-3.1151976585388184,3.1151976585388184
2023,16,CHI,ARI,0.0,-4.5,0.6497373029772329,11.0,4.745504,-6.254496097564697,6.254496097564697
2023,16,DEN,NE,0.0,-7.0,0.7411100920626444,-3.0,5.9695044,8.969504356384277,8.969504356384277
2023,16,HOU,CLE,0.0,3.0,0.4108723135271808,-14.0,-2.587505,11.412494897842407,11.412494897842407
2023,16,KC,LV,0.0,-11.0,0.8210416294898922,-6.0,10.980832,16.98083209991455,16.98083209991455
2023,16,MIA,DAL,0.0,-1.5,0.5359205593271862,2.0,6.29534,4.295340061187744,4.295340061187744
2023,16,MIN,DET,0.0,2.5,0.4337094499294781,-6.0,-4.7679625,1.2320375442504883,1.2320375442504883
2023,16,NYJ,WAS,0.0,-3.0,0.5913146565171273,2.0,-0.2575616,-2.257561594247818,2.257561594247818
2023,16,PHI,NYG,0.0,-14.0,0.8592917021740424,8.0,11.23196,3.2319602966308594,3.2319602966308594
2023,16,PIT,CIN,0.0,2.5,0.4225258024650122,23.0,2.4497797,-20.550220251083374,20.550220251083374
2023,16,LAC,BUF,0.0,12.5,0.1508099845432575,-2.0,-8.225329,-6.225329399108887,6.225329399108887
2023,16,SF,BAL,0.0,-6.5,0.7130413249624914,-14.0,9.857752,23.857751846313477,23.857751846313477
2023,16,LAR,NO,0.0,-4.0,0.639316851785501,8.0,4.818142,-3.1818580627441406,3.1818580627441406
2023,16,TB,JAX,0.0,2.0,0.4608294930875576,18.0,0.43480363,-17.565196365118027,17.565196365118027
2023,16,TEN,SEA,0.0,3.0,0.4108723135271808,-3.0,-2.4523795,0.5476205348968506,0.5476205348968506
2023,17,BAL,MIA,0.0,-3.0,0.6097259658580413,37.0,7.4872346,-29.512765407562256,29.512765407562256
2023,17,BUF,NE,0.0,-14.5,0.8704347118770117,6.0,12.958075,6.958074569702148,6.958074569702148
2023,17,CHI,ATL,0.0,-3.0,0.5757575757575758,20.0,9.651012,-10.348987579345703,10.348987579345703
2023,17,CLE,NYJ,0.0,-6.5,0.7392897406989853,17.0,5.3294053,-11.670594692230225,11.670594692230225
2023,17,DAL,DET,0.0,-5.0,0.6674727932285369,1.0,0.14406568,-0.8559343218803406,0.8559343218803406
2023,17,DEN,LAC,0.0,-3.5,0.6017120437522292,7.0,8.366025,1.3660249710083008,1.3660249710083008
2023,17,HOU,TEN,0.0,-5.5,0.6725731895223421,23.0,7.624379,-15.37562084197998,15.37562084197998
2023,17,IND,LV,0.0,-3.5,0.6228589387669582,3.0,4.6475377,1.6475377082824707,1.6475377082824707
2023,17,JAX,CAR,0.0,-4.0,0.6334637673980881,26.0,6.6972094,-19.302790641784668,19.302790641784668
2023,17,KC,CIN,0.0,-7.0,0.7291268323773104,8.0,0.23828107,-7.761718928813934,7.761718928813934
2023,17,MIN,GB,0.0,-1.0,0.507527529249828,-23.0,-4.914871,18.085128784179688,18.085128784179688
2023,17,NYG,LAR,0.0,6.5,0.2922307195336328,-1.0,-7.289169,-6.289168834686279,6.289168834686279
2023,17,PHI,ARI,0.0,-12.5,0.8420801213903694,-4.0,11.578177,15.578177452087402,15.578177452087402
2023,17,SEA,PIT,0.0,-4.5,0.6472184531886024,-7.0,-0.8037409,6.196259081363678,6.196259081363678
2023,17,TB,NO,0.0,-2.5,0.568755651387633,-10.0,1.6695651,11.669565081596375,11.669565081596375
2023,17,WAS,SF,0.0,14.0,0.1320681496688907,-17.0,-12.106351,4.893649101257324,4.893649101257324
2023,18,ARI,SEA,0.0,2.5,0.4225258024650122,-1.0,-1.6301327,-0.6301326751708984,0.6301326751708984
2023,18,BAL,PIT,0.0,2.5,0.41191381495564,-7.0,7.1241665,14.124166488647461,14.124166488647461
2023,18,CAR,TB,0.0,4.5,0.3253858010008943,-9.0,-4.851609,4.148390769958496,4.148390769958496
2023,18,CIN,CLE,0.0,-7.5,0.7386087200598801,17.0,7.487842,-9.512157917022705,9.512157917022705
2023,18,DET,MIN,0.0,-3.5,0.6389372038625323,10.0,9.856731,-0.14326858520507812,0.14326858520507812
2023,18,GB,CHI,0.0,-2.5,0.5819329453233871,8.0,14.023197,6.023197174072266,6.023197174072266
2023,18,IND,HOU,0.0,1.5,0.4720957679986511,-4.0,0.6474092,4.647409200668335,4.647409200668335
2023,18,MIA,BUF,0.0,2.5,0.4272770952021415,-7.0,-1.8478043,5.152195692062378,5.152195692062378
2023,18,NE,NYJ,0.0,-2.0,0.5567836213930717,-14.0,5.2153172,19.215317249298096,19.215317249298096
2023,18,NO,ATL,0.0,-3.5,0.6087548196870038,31.0,9.6015415,-21.39845848083496,21.39845848083496
2023,18,NYG,PHI,0.0,4.5,0.3303258886752452,17.0,-4.8540835,-21.85408353805542,21.85408353805542
2023,18,LV,DEN,0.0,-3.5,0.6033129904097646,13.0,4.852005,-8.147994995117188,8.147994995117188
2023,18,LAC,KC,0.0,-3.5,0.6135799061551201,-1.0,2.592748,3.592747926712036,3.592747926712036
2023,18,SF,LAR,0.0,-5.5,0.6748784348666812,-1.0,9.868963,10.868963241577148,10.868963241577148
2023,18,TEN,JAX,0.0,3.5,0.3785081240768094,8.0,-6.326244,-14.326243877410889,14.326243877410889
2023,18,WAS,DAL,0.0,13.0,0.1417032733456142,-28.0,-10.133571,17.866429328918457,17.866429328918457
2024,1,ATL,PIT,,-4.0,0.6406699535616651,-8.0,2.5891259,10.589125871658325,10.589125871658325
2024,1,BUF,ARI,,-6.5,0.7214963553844037,6.0,5.671367,-0.32863283157348633,0.32863283157348633
2024,1,CHI,TEN,,-4.0,0.6394230769230769,7.0,4.7268395,-2.273160457611084,2.273160457611084
2024,1,CIN,NE,,-7.5,0.7666113657452971,-6.0,6.041047,12.041047096252441,12.041047096252441
2024,1,CLE,DAL,,-2.0,0.5463660611724392,-16.0,-2.5890157,13.41098427772522,13.41098427772522
2024,1,DET,LAR,,-5.5,0.6822539764170004,6.0,2.670509,-3.329490900039673,3.329490900039673
2024,1,IND,HOU,,3.0,0.40822710565418,-2.0,-3.718168,-1.718168020248413,1.718168020248413
2024,1,KC,BAL,,-3.0,0.5731497418244406,7.0,-1.5569148,-8.556914806365967,8.556914806365967
2024,1,MIA,JAX,,-3.5,0.6224665518611737,3.0,1.2264003,-1.7735997438430786,1.7735997438430786
2024,1,NO,CAR,,-3.5,0.6330617575719882,37.0,4.6306953,-32.36930465698242,32.36930465698242
2024,1,NYG,MIN,,1.0,0.4924724707501721,-22.0,-0.84026414,21.1597358584404,21.1597358584404
2024,1,PHI,GB,,-1.5,0.533347098905637,5.0,-2.8208125,-7.820812463760376,7.820812463760376
2024,1,LAC,LV,,-3.0,0.5846583165682393,12.0,3.2315948,-8.768405199050903,8.768405199050903
2024,1,SEA,DEN,,-6.5,0.7091654643480902,6.0,3.5179336,-2.4820663928985596,2.4820663928985596
2024,1,SF,NYJ,,-3.5,0.6347492436726763,13.0,3.8219879,-9.178012132644653,9.178012132644653
2024,1,TB,WAS,,-4.0,0.6385542168674698,17.0,4.6306953,-12.369304656982422,12.369304656982422
2024,2,ARI,LAR,0.0,0.0,0.5,31.0,8.356485,-22.64351463317871,22.64351463317871
2024,2,BAL,LV,0.0,-8.5,0.784660997113209,-3.0,4.0431767,7.043176651000977,7.043176651000977
2024,2,CAR,LAC,0.0,4.5,0.3443187407771765,-23.0,-4.680821,18.31917905807495,18.31917905807495
2024,2,DAL,NO,0.0,-6.5,0.7121439724131807,-25.0,6.1486444,31.14864444732666,31.14864444732666
2024,2,DEN,PIT,0.0,2.5,0.4279403644395361,-7.0,-3.5142868,3.485713243484497,3.485713243484497
2024,2,DET,TB,0.0,-7.5,0.7567221510883484,-4.0,4.984887,8.98488712310791,8.98488712310791
2024,2,GB,IND,0.0,2.5,0.442076836283595,6.0,2.0033414,-3.9966585636138916,3.9966585636138916
2024,2,HOU,CHI,0.0,-6.5,0.7081555584493179,6.0,11.086471,5.086470603942871,5.086470603942871
2024,2,JAX,CLE,0.0,-3.0,0.6042755760637831,-5.0,3.4522676,8.45226764678955,8.45226764678955
2024,2,KC,CIN,0.0,-6.5,0.7129397909612838,1.0,7.148731,6.148731231689453,6.148731231689453
2024,2,MIA,BUF,0.0,-2.5,0.5597945707997065,-21.0,-4.5978084,16.402191638946533,16.402191638946533
2024,2,MIN,SF,0.0,4.0,0.3474380605630051,6.0,-3.5959744,-9.595974445343018,9.595974445343018
2024,2,NE,SEA,0.0,3.0,0.4008226622431057,-3.0,-1.3973585,1.6026414632797241,1.6026414632797241
2024,2,PHI,ATL,0.0,-5.5,0.6846457945199256,-1.0,6.0084085,7.008408546447754,7.008408546447754
2024,2,TEN,NYJ,0.0,3.5,0.3673438788514881,-7.0,-5.8440657,1.1559343338012695,1.1559343338012695
2024,2,WAS,NYG,0.0,-1.5,0.5291347851677457,3.0,3.5821457,0.5821456909179688,0.5821456909179688
2024,3,ARI,DET,0.0,3.0,0.4238003579508999,-7.0,8.542922,15.542922019958496,15.542922019958496
2024,3,ATL,KC,0.0,3.0,0.3937178211396184,-5.0,-3.8411484,1.1588516235351562,1.1588516235351562
2024,3,BUF,JAX,0.0,-4.0,0.6636481241914618,37.0,13.897697,-23.10230255126953,23.10230255126953
2024,3,CIN,WAS,0.0,-7.0,0.7434356508875739,-5.0,5.4578576,10.457857608795166,10.457857608795166
2024,3,CLE,NYG,0.0,-6.5,0.7134774937664952,-6.0,4.734412,10.73441219329834,10.73441219329834
2024,3,DAL,BAL,0.0,1.5,0.4751508925131629,-3.0,-2.4221096,0.5778903961181641,0.5778903961181641
2024,3,IND,CHI,0.0,-2.0,0.5435684647302904,5.0,1.024725,-3.9752750396728516,3.9752750396728516
2024,3,MIN,HOU,0.0,1.5,0.4657843439006873,27.0,6.9528546,-20.0471453666687,20.0471453666687
2024,3,NO,PHI,0.0,-2.5,0.5678250132298465,-3.0,6.060274,9.060274124145508,9.060274124145508
2024,3,NYJ,NE,0.0,-6.5,0.716681288021515,21.0,6.4343076,-14.56569242477417,14.56569242477417
2024,3,LV,CAR,0.0,-5.5,0.6832236331601866,-14.0,1.2758471,15.27584707736969,15.27584707736969
2024,3,PIT,LAC,0.0,-2.5,0.5634920634920635,10.0,4.9278526,-5.072147369384766,5.072147369384766
2024,3,SEA,MIA,0.0,-4.0,0.6571490374215877,21.0,2.8454928,-18.154507160186768,18.154507160186768
2024,3,LAR,SF,0.0,6.0,0.2941313424495941,3.0,-2.5210762,-5.521076202392578,5.521076202392578
2024,3,TB,DEN,0.0,-6.0,0.6979692730799768,-19.0,7.9227877,26.9227876663208,26.9227876663208
2024,3,TEN,GB,0.0,-3.0,0.5923447953944297,-16.0,0.91001004,16.910010039806366,16.910010039806366
2024,4,ARI,WAS,0.0,-3.5,0.6192482177576151,-28.0,3.495379,31.495378971099854,31.495378971099854
2024,4,ATL,NO,0.0,-2.5,0.5731497418244406,2.0,-0.6050362,-2.605036199092865,2.605036199092865
2024,4,BAL,BUF,0.0,-2.5,0.5671302866874822,25.0,3.9413762,-21.058623790740967,21.058623790740967
2024,4,CAR,CIN,0.0,5.0,0.3358765964504893,-10.0,-9.899745,0.10025501251220703,0.10025501251220703
2024,4,CHI,LAR,0.0,-3.0,0.6027039848197344,6.0,0.6106763,-5.389323711395264,5.389323711395264
2024,4,DET,SEA,0.0,-4.5,0.6608307006329046,13.0,5.125539,-7.8744611740112305,7.8744611740112305
2024,4,GB,MIN,0.0,-2.5,0.5660216277746158,-2.0,0.70199376,2.701993763446808,2.701993763446808
2024,4,HOU,JAX,0.0,-5.5,0.6856387980833819,4.0,-0.4166552,-4.416655212640762,4.416655212640762
2024,4,IND,PIT,0.0,2.5,0.4339783722253842,3.0,0.1439977,-2.856002300977707,2.856002300977707
2024,4,MIA,TEN,0.0,-2.5,0.5772773969718915,-19.0,0.6642979,19.664297878742218,19.664297878742218
2024,4,NYG,DAL,0.0,5.5,0.3209519698192534,-5.0,-7.883747,-2.883747100830078,2.883747100830078
2024,4,NYJ,DEN,0.0,-8.0,0.7706578260178478,-1.0,4.695808,5.695807933807373,5.695807933807373
2024,4,LV,CLE,0.0,2.5,0.4266211604095563,4.0,-0.50099325,-4.500993251800537,4.500993251800537
2024,4,LAC,KC,0.0,7.0,0.2695157721401739,-7.0,-5.1904764,1.809523582458496,1.809523582458496
2024,4,SF,NE,0.0,-10.5,0.8165328258593016,17.0,10.72657,-6.273429870605469,6.273429870605469
2024,4,TB,PHI,0.0,1.0,0.4848162769511084,17.0,-1.8965011,-18.896501064300537,18.896501064300537
2024,5,ATL,TB,0.0,-2.5,0.5623711526637492,6.0,3.5615578,-2.4384422302246094,2.4384422302246094
2024,5,CHI,CAR,0.0,-4.0,0.6386477179027017,26.0,13.837784,-12.162216186523438,12.162216186523438
2024,5,CIN,BAL,0.0,2.5,0.4383491878717329,-3.0,1.0578374,4.0578373670578,4.0578373670578
2024,5,DEN,LV,0.0,-3.0,0.5959689065044398,16.0,6.477248,-9.522751808166504,9.522751808166504
2024,5,HOU,BUF,0.0,-1.5,0.5282320336795786,3.0,-1.7591604,-4.759160399436951,4.759160399436951
2024,5,JAX,IND,0.0,-3.5,0.6365105008077545,3.0,-0.6260462,-3.6260461807250977,3.6260461807250977
2024,5,KC,NO,0.0,-5.0,0.6694762856769708,13.0,6.5616302,-6.4383697509765625,6.4383697509765625
2024,5,MIN,NYJ,0.0,-2.5,0.5616508121282673,6.0,8.344634,2.3446340560913086,2.3446340560913086
2024,5,NE,MIA,0.0,2.0,0.4572564612326044,-5.0,-5.0131297,-0.013129711151123047,0.013129711151123047
2024,5,PIT,DAL,0.0,-2.5,0.5634920634920635,-3.0,-0.12483319,2.8751668110489845,2.8751668110489845
2024,5,SEA,NYG,0.0,-7.0,0.7307401739534704,-9.0,4.2127953,13.21279525756836,13.21279525756836
2024,5,SF,ARI,0.0,-7.0,0.7487714648556125,-1.0,8.554483,9.554483413696289,9.554483413696289
2024,5,LAR,GB,0.0,3.0,0.4176257809930944,-5.0,-1.0857948,3.9142051935195923,3.9142051935195923
2024,5,WAS,CLE,0.0,-3.0,0.5817490494296578,21.0,11.970776,-9.029224395751953,9.029224395751953
2024,6,BAL,WAS,0.0,-7.0,0.729483677981532,7.0,8.588586,1.5885858535766602,1.5885858535766602
2024,6,CAR,ATL,0.0,6.0,0.3057922645568977,-18.0,-8.346558,9.6534423828125,9.6534423828125
2024,6,CHI,JAX,0.0,1.5,0.4684232538686741,19.0,0.54735434,-18.452645659446716,18.452645659446716
2024,6,DAL,DET,0.0,3.5,0.3650999352041071,-38.0,-5.963412,32.036588191986084,32.036588191986084
2024,6,DEN,LAC,0.0,3.0,0.415953021776364,-7.0,-0.78650665,6.213493347167969,6.213493347167969
2024,6,GB,ARI,0.0,-5.5,0.6829701845370082,21.0,7.998024,-13.001976013183594,13.001976013183594
2024,6,NE,HOU,0.0,6.5,0.2825464949928469,-20.0,-8.01882,11.981180191040039,11.981180191040039
2024,6,NO,TB,0.0,3.5,0.3802795934662282,-24.0,-11.998684,12.00131607055664,12.00131607055664
2024,6,NYG,CIN,0.0,4.5,0.3458028592261971,-10.0,-9.597062,0.4029378890991211,0.4029378890991211
2024,6,NYJ,BUF,0.0,1.0,0.4826358742837298,-3.0,-9.013666,-6.013666152954102,6.013666152954102
2024,6,LV,PIT,0.0,3.5,0.3752492914873517,-19.0,-9.294635,9.705365180969238,9.705365180969238
2024,6,PHI,CLE,0.0,-8.5,0.7730879651919613,4.0,5.467327,1.4673271179199219,1.4673271179199219
2024,6,SEA,SF,0.0,3.5,0.3651668007674692,-12.0,-9.992873,2.007126808166504,2.007126808166504
2024,6,TEN,IND,0.0,-2.5,0.5533686601059804,-3.0,2.243802,5.243802070617676,5.243802070617676
2024,7,ARI,LAC,0.0,1.0,0.4792122538293216,2.0,0.83191454,-1.1680854558944702,1.1680854558944702
2024,7,ATL,SEA,0.0,-3.0,0.5959689065044398,-20.0,5.454676,25.454676151275635,25.454676151275635
2024,7,BUF,TEN,0.0,-9.5,0.7970925869305389,24.0,12.553056,-11.446944236755371,11.446944236755371
2024,7,CLE,CIN,0.0,5.5,0.3227531415912303,-7.0,-2.7923281,4.207671880722046,4.207671880722046
2024,7,GB,HOU,0.0,-3.0,0.6130847696095674,2.0,2.4885325,0.48853254318237305,0.48853254318237305
2024,7,IND,MIA,0.0,-3.0,0.5772773969718915,6.0,-1.9077412,-7.907741189002991,7.907741189002991
2024,7,JAX,NE,0.0,-7.0,0.7362531969309463,16.0,12.896711,-3.1032886505126953,3.1032886505126953
2024,7,MIN,DET,0.0,-1.5,0.5273176340331304,-2.0,1.3946905,3.39469051361084,3.39469051361084
2024,7,NO,DEN,0.0,2.5,0.4268502581755593,-23.0,-7.435608,15.56439208984375,15.56439208984375
2024,7,NYG,PHI,0.0,3.0,0.4003612281757977,-25.0,-5.7093515,19.290648460388184,19.290648460388184
2024,7,PIT,NYJ,0.0,2.5,0.4149040026033192,22.0,5.828615,-16.171384811401367,16.171384811401367
2024,7,SF,KC,0.0,-2.5,0.5711159737417943,-10.0,0.6875988,10.687598824501038,10.687598824501038
2024,7,LAR,LV,0.0,-7.0,0.7459510955859003,5.0,7.109911,2.1099109649658203,2.1099109649658203
2024,7,TB,BAL,0.0,4.5,0.3415773088896576,-10.0,-6.303541,3.6964588165283203,3.6964588165283203
2024,7,WAS,CAR,0.0,-10.0,0.8072381755186285,33.0,14.030999,-18.969000816345215,18.969000816345215
2024,8,CIN,PHI,0.0,-2.5,0.5783496841822336,-20.0,-1.8385569,18.1614431142807,18.1614431142807
2024,8,CLE,BAL,0.0,7.0,0.2569454652359253,5.0,-5.596941,-10.596940994262695,10.596940994262695
2024,8,DEN,CAR,0.0,-13.0,0.8475538756426563,14.0,17.505268,3.505268096923828,3.505268096923828
2024,8,DET,TEN,0.0,-12.5,0.8440307162837237,38.0,23.917606,-14.082393646240234,14.082393646240234
2024,8,HOU,IND,0.0,-5.0,0.6728944421524135,3.0,9.519129,6.519128799438477,6.519128799438477
2024,8,JAX,GB,0.0,3.5,0.378889665179771,-3.0,3.2761598,6.276159763336182,6.276159763336182
2024,8,MIA,ARI,0.0,-4.5,0.6624073197665247,-1.0,3.7863958,4.786395788192749,4.786395788192749
2024,8,NE,NYJ,0.0,7.0,0.2587390743152844,3.0,-7.1982164,-10.198216438293457,10.198216438293457
2024,8,LV,KC,0.0,8.5,0.2181426015343513,-7.0,-10.073519,-3.073518753051758,3.073518753051758
2024,8,PIT,NYG,0.0,-6.0,0.701468452477005,8.0,8.00754,0.0075397491455078125,0.0075397491455078125
2024,8,LAC,NO,0.0,-7.5,0.7495189436666445,18.0,4.382517,-13.617483139038086,13.617483139038086
2024,8,SEA,BUF,0.0,3.0,0.4072016974538192,-21.0,-6.5556345,14.444365501403809,14.444365501403809
2024,8,SF,DAL,0.0,-5.5,0.6802355566808264,6.0,5.8921156,-0.10788440704345703,0.10788440704345703
2024,8,LAR,MIN,0.0,2.5,0.4257656915258893,10.0,0.21106935,-9.788930654525757,9.788930654525757
2024,8,TB,ATL,0.0,1.5,0.4684232538686741,-5.0,-4.79131,0.20869016647338867,0.20869016647338867
2024,8,WAS,CHI,0.0,-1.5,0.5273176340331304,3.0,4.8460417,1.8460416793823242,1.8460416793823242
2024,9,ARI,CHI,0.0,-1.5,0.5345580360820495,20.0,3.0187206,-16.981279373168945,16.981279373168945
2024,9,ATL,DAL,0.0,-3.0,0.6126207051426006,6.0,1.4558917,-4.544108271598816,4.544108271598816
2024,9,BAL,DEN,0.0,-9.0,0.782554595930956,31.0,19.369678,-11.630321502685547,11.630321502685547
2024,9,BUF,MIA,0.0,-6.0,0.7073731109265483,3.0,8.63775,5.637749671936035,5.637749671936035
2024,9,CAR,NO,0.0,7.0,0.2571974268539892,1.0,-4.9198713,-5.9198713302612305,5.9198713302612305
2024,9,CIN,LV,0.0,-7.5,0.7629026228282471,17.0,6.422986,-10.577013969421387,10.577013969421387
2024,9,CLE,LAC,0.0,2.0,0.4601226993865031,-17.0,-2.1969495,14.803050518035889,14.803050518035889
2024,9,GB,DET,0.0,2.5,0.4353927530495484,-10.0,-0.011364464,9.988635536283255,9.988635536283255
2024,9,KC,TB,0.0,-8.5,0.7641784092232444,6.0,2.861978,-3.138021945953369,3.138021945953369
2024,9,MIN,IND,0.0,-5.5,0.6982158254294621,8.0,7.862505,-0.1374950408935547,0.1374950408935547
2024,9,NYG,WAS,0.0,4.0,0.3484712230215828,-5.0,-3.9718342,1.0281658172607422,1.0281658172607422
2024,9,NYJ,HOU,0.0,-2.5,0.5787700084245998,8.0,4.793951,-3.2060489654541016,3.2060489654541016
2024,9,PHI,JAX,0.0,-7.5,0.7485372975253406,5.0,7.8167515,2.816751480102539,2.816751480102539
2024,9,SEA,LAR,0.0,2.0,0.4552531483415778,-6.0,-1.225873,4.774127006530762,4.774127006530762
2024,9,TEN,NE,0.0,-3.5,0.61212976022567,3.0,0.9232326,-2.076767385005951,2.076767385005951
2024,10,ARI,NYJ,0.0,2.0,0.4552531483415778,25.0,8.6790285,-16.320971488952637,16.320971488952637
2024,10,BAL,CIN,0.0,-6.0,0.7023260292217952,1.0,7.8885193,6.888519287109375,6.888519287109375
2024,10,CAR,NYG,0.0,6.5,0.2848105899752529,3.0,-3.6262317,-6.626231670379639,6.626231670379639
2024,10,CHI,NE,0.0,-6.0,0.7120203455755852,-16.0,4.438041,20.43804121017456,20.43804121017456
2024,10,DAL,PHI,0.0,7.0,0.2622934745305683,-28.0,-11.03452,16.965479850769043,16.965479850769043
2024,10,HOU,DET,0.0,4.0,0.3375926802334753,-3.0,-7.102048,-4.102047920227051,4.102047920227051
2024,10,IND,BUF,0.0,4.5,0.337278726301456,-10.0,-4.1775217,5.822478294372559,5.822478294372559
2024,10,JAX,MIN,0.0,7.0,0.2637468030690537,-5.0,-3.8075628,1.1924371719360352,1.1924371719360352
2024,10,KC,DEN,0.0,-7.0,0.7492629432672967,2.0,7.4311743,5.431174278259277,5.431174278259277
2024,10,NO,ATL,0.0,3.5,0.3651668007674692,3.0,-4.0655637,-7.065563678741455,7.065563678741455
2024,10,LAC,TEN,0.0,-8.5,0.7712379580937104,10.0,12.720134,2.7201337814331055,2.7201337814331055
2024,10,LAR,MIA,0.0,-2.0,0.5487032481744757,-8.0,-2.3312325,5.66876745223999,5.66876745223999
2024,10,TB,SF,0.0,6.5,0.2872417408769364,-3.0,-2.7386928,0.2613072395324707,0.2613072395324707
2024,10,WAS,PIT,0.0,-1.5,0.5315767461313258,-1.0,-0.30285826,0.6971417367458344,0.6971417367458344
2024,11,BUF,KC,0.0,-3.0,0.5766299745977985,9.0,3.4475226,-5.5524773597717285,5.5524773597717285
2024,11,CHI,GB,0.0,6.0,0.2987418837740248,-1.0,-4.955107,-3.9551072120666504,3.9551072120666504
2024,11,DAL,HOU,0.0,7.0,0.2518388675016919,-24.0,-8.207563,15.792436599731445,15.792436599731445
2024,11,DEN,ATL,0.0,-2.0,0.5467333541731791,32.0,3.4624324,-28.537567615509033,28.537567615509033
2024,11,DET,JAX,0.0,-14.0,0.8672865989186506,46.0,19.708214,-26.291786193847656,26.291786193847656
2024,11,MIA,LV,0.0,-8.0,0.7685876381009256,15.0,15.031459,0.03145885467529297,0.03145885467529297
2024,11,NE,LAR,0.0,4.0,0.3535821933688847,-6.0,-2.4337893,3.5662107467651367,3.5662107467651367
2024,11,NO,CLE,0.0,1.0,0.4836130047194546,21.0,8.429299,-12.570700645446777,12.570700645446777
2024,11,NYJ,IND,0.0,-4.0,0.6496433666191155,-1.0,3.392942,4.392941951751709,4.392941951751709
2024,11,PHI,WAS,0.0,-4.5,0.6638148171277504,8.0,11.320985,3.3209848403930664,3.3209848403930664
2024,11,PIT,BAL,0.0,3.5,0.38498957609451,2.0,-5.1051884,-7.105188369750977,7.105188369750977
2024,11,LAC,CIN,0.0,-1.0,0.5141933793344396,7.0,-2.3322413,-9.332241296768188,9.332241296768188
2024,11,SF,SEA,0.0,-6.0,0.7008166895771004,-3.0,4.2814198,7.28141975402832,7.28141975402832
2024,11,TEN,MIN,0.0,6.0,0.3017841745705379,-10.0,-4.9747114,5.0252885818481445,5.0252885818481445
2024,12,CAR,KC,0.0,11.0,0.165915782984779,-3.0,-8.611413,-5.61141300201416,5.61141300201416
2024,12,CHI,MIN,0.0,3.0,0.4050453558392755,-3.0,-4.5086694,-1.508669376373291,1.508669376373291
2024,12,CLE,PIT,0.0,3.5,0.3491746780337384,5.0,-3.1542115,-8.154211521148682,8.154211521148682
2024,12,GB,SF,0.0,-6.5,0.7136133558298553,28.0,8.384684,-19.61531639099121,19.61531639099121
2024,12,HOU,TEN,0.0,-8.0,0.7716699617648516,-5.0,7.598457,12.598456859588623,12.598456859588623
2024,12,IND,DET,0.0,7.0,0.2492740919300936,-18.0,-7.8412046,10.158795356750488,10.158795356750488
2024,12,MIA,NE,0.0,-7.5,0.7616102776891158,19.0,9.3629465,-9.637053489685059,9.637053489685059
2024,12,NYG,TB,0.0,6.0,0.298115142967047,-23.0,-9.5680895,13.431910514831543,13.431910514831543
2024,12,LV,DEN,0.0,5.5,0.3151548369416278,-10.0,-5.0990753,4.9009246826171875,4.9009246826171875
2024,12,LAC,BAL,0.0,3.0,0.4093890776890855,-7.0,-5.5659065,1.4340934753417969,1.4340934753417969
2024,12,SEA,ARI,0.0,1.0,0.4792122538293216,10.0,1.7770847,-8.222915291786194,8.222915291786194
2024,12,LAR,PHI,0.0,3.0,0.4051662578782328,-17.0,-2.9273586,14.072641372680664,14.072641372680664
2024,12,WAS,DAL,0.0,-10.5,0.8196407538280329,-8.0,5.2049165,13.20491647720337,13.20491647720337
2024,13,ATL,LAC,0.0,0.5,0.4989102005231036,-4.0,-0.29489443,3.705105572938919,3.705105572938919
2024,13,BAL,PHI,0.0,-3.0,0.5969781019660727,-5.0,7.9571,12.957099914550781,12.957099914550781
2024,13,BUF,SF,0.0,-6.5,0.7265708771177353,25.0,11.488072,-13.511927604675293,13.511927604675293
2024,13,CAR,TB,0.0,6.5,0.2772528518421452,-3.0,-8.219514,-5.219513893127441,5.219513893127441
2024,13,CIN,PIT,0.0,-3.0,0.6016294255076978,-6.0,4.4296036,10.429603576660156,10.429603576660156
2024,13,DAL,NYG,0.0,-4.0,0.659546133109944,7.0,4.670313,-2.3296871185302734,2.3296871185302734
2024,13,DEN,CLE,0.0,-6.5,0.6990808883655514,9.0,8.117663,-0.8823366165161133,0.8823366165161133
2024,13,DET,CHI,0.0,-9.5,0.8033711498906899,3.0,14.141792,11.141792297363281,11.141792297363281
2024,13,GB,MIA,0.0,-3.5,0.6206496206496207,13.0,4.4822226,-8.517777442932129,8.517777442932129
2024,13,JAX,HOU,0.0,3.0,0.38787023977433,-3.0,-4.696373,-1.6963729858398438,1.6963729858398438
2024,13,KC,LV,0.0,-13.5,0.8575232508779377,2.0,13.676753,11.676753044128418,11.676753044128418
2024,13,MIN,ARI,0.0,-3.5,0.6201844818231145,1.0,7.606695,6.606695175170898,6.606695175170898
2024,13,NE,IND,0.0,2.5,0.4493432675320685,-1.0,-0.92078036,0.07921963930130005,0.07921963930130005
2024,13,NO,LAR,0.0,2.5,0.4244482173174873,-7.0,-0.24268553,6.757314473390579,6.757314473390579
2024,13,NYJ,SEA,0.0,-1.5,0.5294564483457124,-5.0,-0.28217337,4.717826634645462,4.717826634645462
2024,13,WAS,TEN,0.0,-6.0,0.690543210308233,23.0,9.325236,-13.674763679504395,13.674763679504395
2024,14,ARI,SEA,0.0,-3.0,0.611633972105681,-12.0,2.952808,14.952807903289795,14.952807903289795
2024,14,DAL,CIN,0.0,4.5,0.333889816360601,-7.0,-8.146783,-1.1467828750610352,1.1467828750610352
2024,14,DET,GB,0.0,-3.0,0.6057242990654206,3.0,5.7777605,2.7777605056762695,2.7777605056762695
2024,14,KC,LAC,0.0,-4.5,0.6723226483457738,2.0,5.7394814,3.7394814491271973,3.7394814491271973
2024,14,MIA,NYJ,0.0,-6.5,0.7186409288410857,6.0,9.059873,3.059872627258301,3.059872627258301
2024,14,MIN,ATL,0.0,-6.0,0.6942000512513881,21.0,13.44946,-7.550539970397949,7.550539970397949
2024,14,NYG,NO,0.0,5.5,0.311111111111111,-3.0,-5.5791636,-2.5791635513305664,2.5791635513305664
2024,14,PHI,CAR,0.0,-14.0,0.8716732423177198,6.0,17.919125,11.919124603271484,11.919124603271484
2024,14,PIT,CLE,0.0,-6.0,0.7071742313323574,13.0,6.110153,-6.8898468017578125,6.8898468017578125
2024,14,SF,CHI,0.0,-3.0,0.6027039848197344,25.0,10.465494,-14.534505844116211,14.534505844116211
2024,14,LAR,BUF,0.0,3.5,0.3738975234174495,2.0,-0.520539,-2.5205389857292175,2.5205389857292175
2024,14,TB,LV,0.0,-6.5,0.7290292950168947,15.0,14.594181,-0.4058189392089844,0.4058189392089844
2024,14,TEN,JAX,0.0,-3.0,0.6027039848197344,-4.0,0.9500786,4.95007860660553,4.95007860660553
2024,15,ARI,NE,0.0,-6.0,0.7050989345509895,13.0,7.075704,-5.924295902252197,5.924295902252197
2024,15,CAR,DAL,0.0,-2.5,0.5646072469504516,-16.0,-2.6675787,13.33242130279541,13.33242130279541
2024,15,CLE,KC,0.0,4.0,0.3318786156500558,-14.0,-7.7401505,6.259849548339844,6.259849548339844
2024,15,DEN,IND,0.0,-4.5,0.6601936576584254,18.0,10.250228,-7.749772071838379,7.749772071838379
2024,15,DET,BUF,0.0,-2.5,0.5609220636663008,-6.0,1.8914171,7.891417145729065,7.891417145729065
2024,15,HOU,MIA,0.0,-2.5,0.5806884664467905,8.0,4.209263,-3.7907371520996094,3.7907371520996094
2024,15,JAX,NYJ,0.0,3.5,0.3835646678992245,-7.0,-3.95254,3.0474600791931152,3.0474600791931152
2024,15,MIN,CHI,0.0,-7.0,0.7377065254694318,18.0,12.142663,-5.85733699798584,5.85733699798584
2024,15,NO,WAS,0.0,7.5,0.2406091370558375,-1.0,-5.6600614,-4.660061359405518,4.660061359405518
2024,15,NYG,BAL,0.0,16.5,0.0922731705271104,-21.0,-11.501284,9.498716354370117,9.498716354370117
2024,15,LV,ATL,0.0,6.0,0.2848105899752529,-6.0,-5.267472,0.7325282096862793,0.7325282096862793
2024,15,PHI,PIT,0.0,-5.5,0.6860552434202789,14.0,15.726719,1.7267189025878906,1.7267189025878906
2024,15,LAC,TB,0.0,-3.0,0.5954042868614491,-23.0,-1.91996,21.080039978027344,21.080039978027344
2024,15,SEA,GB,0.0,3.0,0.4072016974538192,-17.0,-7.847159,9.152841091156006,9.152841091156006
2024,15,SF,LAR,0.0,-3.0,0.5857068876229934,-6.0,4.682577,10.682577133178711,10.682577133178711
2024,15,TEN,CIN,0.0,6.0,0.307173141818811,-10.0,-12.1508,-2.1507997512817383,2.1507997512817383
2024,16,ATL,NYG,0.0,-9.5,0.7988413808126671,27.0,15.801207,-11.198793411254883,11.198793411254883
2024,16,BAL,PIT,0.0,-7.0,0.7463297259566548,17.0,10.267984,-6.732015609741211,6.732015609741211
2024,16,BUF,NE,0.0,-14.0,0.8752235483046827,3.0,13.551737,10.551736831665039,10.551736831665039
2024,16,CAR,ARI,0.0,5.5,0.3085346775595341,6.0,-5.0400205,-11.04002046585083,11.04002046585083
2024,16,CHI,DET,0.0,6.5,0.2624317032247755,-17.0,-7.902734,9.09726619720459,9.09726619720459
2024,16,CIN,CLE,0.0,-10.0,0.8097854487361332,18.0,14.649809,-3.350191116333008,3.350191116333008
2024,16,DAL,TB,0.0,4.5,0.3312858725203907,2.0,-4.002607,-6.0026068687438965,6.0026068687438965
2024,16,GB,NO,0.0,-14.0,0.8807274736224221,34.0,17.322348,-16.67765235900879,16.67765235900879
2024,16,IND,TEN,0.0,-4.0,0.6472561151911178,8.0,4.3833666,-3.616633415222168,3.616633415222168
2024,16,KC,HOU,0.0,-3.0,0.6238609874973512,8.0,1.7569698,-6.2430301904678345,6.2430301904678345
2024,16,MIA,SF,0.0,1.5,0.4705435516542876,12.0,0.7086986,-11.291301429271698,11.291301429271698
2024,16,NYJ,LAR,0.0,3.0,0.4072016974538192,-10.0,1.9147836,11.914783596992493,11.914783596992493
2024,16,LV,JAX,0.0,-2.0,0.551441114716549,5.0,2.3325758,-2.667424201965332,2.667424201965332
2024,16,LAC,DEN,0.0,-3.0,0.5840469782236358,7.0,-0.31854025,-7.318540245294571,7.318540245294571
2024,16,SEA,MIN,0.0,2.5,0.4416895553411031,-3.0,-5.875295,-2.8752951622009277,2.8752951622009277
2024,16,WAS,PHI,0.0,4.0,0.3409237102791715,3.0,0.9371636,-2.0628364086151123,2.0628364086151123
2024,17,BUF,NYJ,0.0,-10.5,0.8067810789044892,26.0,17.250214,-8.749786376953125,8.749786376953125
2024,17,CHI,SEA,0.0,4.0,0.3420481888710252,-3.0,-4.7023177,-1.702317714691162,1.702317714691162
2024,17,CIN,DEN,0.0,-3.0,0.611633972105681,6.0,6.8914547,0.8914546966552734,0.8914546966552734
2024,17,CLE,MIA,0.0,3.0,0.3835646678992245,-17.0,-4.662317,12.337683200836182,12.337683200836182
2024,17,HOU,BAL,0.0,6.5,0.2731148414601652,-29.0,-13.712655,15.287344932556152,15.287344932556152
2024,17,JAX,TEN,0.0,-0.5,0.4934129632882487,7.0,2.0534697,-4.946530342102051,4.946530342102051
2024,17,MIN,GB,0.0,0.5,0.5010897994768962,2.0,2.2280722,0.2280721664428711,0.2280721664428711
2024,17,NE,LAC,0.0,6.0,0.2873670460906886,-33.0,-11.3393755,21.660624504089355,21.660624504089355
2024,17,NO,LV,0.0,1.5,0.466321243523316,-15.0,1.5001626,16.500162601470947,16.500162601470947
2024,17,NYG,IND,0.0,7.5,0.2380905238981507,12.0,-8.191075,-20.191075325012207,20.191075325012207
2024,17,PHI,DAL,0.0,-7.5,0.7567714116037079,34.0,11.223442,-22.77655792236328,22.77655792236328
2024,17,PIT,KC,0.0,1.5,0.4540808303192325,-19.0,-6.863225,12.136775016784668,12.136775016784668
2024,17,SF,DET,0.0,3.5,0.3375926802334753,-6.0,-9.825155,-3.825155258178711,3.825155258178711
2024,17,LAR,ARI,0.0,-6.5,0.7263200053400974,4.0,12.72447,8.724470138549805,8.724470138549805
2024,17,TB,CAR,0.0,-10.0,0.8083291885531281,34.0,16.853209,-17.146791458129883,17.146791458129883
2024,17,WAS,ATL,0.0,-3.5,0.632722881867579,6.0,8.379527,2.3795270919799805,2.3795270919799805
2024,18,ARI,SF,0.0,-5.0,0.6670547623424639,23.0,8.642737,-14.35726261138916,14.35726261138916
2024,18,ATL,CAR,0.0,-8.0,0.7667734640030155,-6.0,3.577516,9.577516078948975,9.577516078948975
2024,18,BAL,CLE,0.0,-20.0,0.928213508139738,25.0,15.203464,-9.796536445617676,9.796536445617676
2024,18,DAL,WAS,0.0,7.0,0.2652653281872698,-4.0,-3.9416304,0.05836963653564453,0.05836963653564453
2024,18,DEN,KC,0.0,-11.0,0.8242777113048005,38.0,9.533996,-28.466004371643066,28.466004371643066
2024,18,DET,MIN,0.0,-3.0,0.5916372351160444,22.0,10.780646,-11.219353675842285,11.219353675842285
2024,18,GB,CHI,0.0,-10.0,0.7903720895410645,-2.0,10.210876,12.21087646484375,12.21087646484375
2024,18,IND,JAX,0.0,-3.5,0.6301020408163266,3.0,1.7628558,-1.2371442317962646,1.2371442317962646
2024,18,NE,BUF,0.0,3.0,0.3864247311827957,7.0,-0.095833816,-7.095833815634251,7.095833815634251
2024,18,NYJ,MIA,0.0,-2.0,0.551441114716549,12.0,0.18664294,-11.813357055187225,11.813357055187225
2024,18,LV,LAC,0.0,7.0,0.2682677567705672,-14.0,-13.186029,0.8139705657958984,0.8139705657958984
2024,18,PHI,NYG,0.0,-3.0,0.5965276928719893,7.0,8.444687,1.4446868896484375,1.4446868896484375
2024,18,PIT,CIN,0.0,2.5,0.4416895553411031,-2.0,-6.6755567,-4.675556659698486,4.675556659698486
2024,18,LAR,SEA,0.0,7.5,0.2572007501204721,-5.0,-8.654831,-3.6548309326171875,3.6548309326171875
2024,18,TB,NO,0.0,-15.0,0.8867393806217426,8.0,10.612036,2.6120357513427734,2.6120357513427734
2024,18,TEN,HOU,0.0,-2.5,0.5713889081696397,-9.0,0.6719837,9.67198371887207,9.67198371887207
