logged_at,kickoff,post_kickoff,model_version,season,week,game_id,home_team,away_team,vegas_spread,vegas_total,home_implied_prob,pred_home_margin,pred_home_margin_inj_adj,pred_winner,pred_home_win_prob,ats_pick,home_score,away_score,actual_home_margin,closing_spread
2026-09-30T21:24:35-04:00,2026-10-01T20:15:00-04:00,False,3e11adf59b,2026,4,2026_04_PIT_CLE,CLE,PIT,2.5,38.5,0.4279403644395361,-4.97,,PIT,0.316,PIT,,,,
2026-09-30T21:24:35-04:00,2026-10-04T09:30:00-04:00,False,3e11adf59b,2026,4,2026_04_IND_WAS,WAS,IND,3.5,47.5,0.3690596562184025,-3.88,,IND,0.352,IND,,,,
2026-09-30T21:24:35-04:00,2026-10-04T13:00:00-04:00,False,3e11adf59b,2026,4,2026_04_TEN_BAL,BAL,TEN,-11.5,42.5,0.84,17.34,,BAL,0.876,BAL,,,,
2026-09-30T21:24:35-04:00,2026-10-04T13:00:00-04:00,False,3e11adf59b,2026,4,2026_04_NE_BUF,BUF,NE,-6.5,48.5,0.7135512302607419,9.19,,BUF,0.79,BUF,,,,
2026-09-30T21:24:35-04:00,2026-10-04T13:00:00-04:00,False,3e11adf59b,2026,4,2026_04_NYJ_CHI,CHI,NYJ,-3.5,43.5,0.6092362344582594,8.57,,CHI,0.778,CHI,,,,
2026-09-30T21:24:35-04:00,2026-10-04T13:00:00-04:00,False,3e11adf59b,2026,4,2026_04_JAX_CIN,CIN,JAX,-2.5,51.5,0.5720596355604638,-0.53,,JAX,0.479,JAX,,,,
2026-09-30T21:24:35-04:00,2026-10-04T13:00:00-04:00,False,3e11adf59b,2026,4,2026_04_DAL_HOU,HOU,DAL,-3.0,48.5,0.593369754159424,3.5,,HOU,0.634,HOU,,,,
2026-09-30T21:24:35-04:00,2026-10-04T13:00:00-04:00,False,3e11adf59b,2026,4,2026_04_ARI_NYG,NYG,ARI,2.5,44.5,0.4365079365079364,-1.39,,ARI,0.445,NYG,,,,
2026-09-30T21:24:35-04:00,2026-10-04T13:00:00-04:00,False,3e11adf59b,2026,4,2026_04_LA_PHI,PHI,LAR,3.0,43.5,0.4066302458405761,-5.23,,LAR,0.308,LAR,,,,
2026-09-30T21:24:35-04:00,2026-10-04T13:00:00-04:00,False,3e11adf59b,2026,4,2026_04_GB_TB,TB,GB,3.5,38.5,0.3835616438356164,-5.28,,GB,0.307,GB,,,,
2026-09-30T21:24:35-04:00,2026-10-04T16:05:00-04:00,False,3e11adf59b,2026,4,2026_04_MIA_MIN,MIN,MIA,-10.5,38.5,0.817258883248731,15.59,,MIN,0.866,MIN,,,,
2026-09-30T21:24:35-04:00,2026-10-04T16:25:00-04:00,False,3e11adf59b,2026,4,2026_04_KC_LV,LV,KC,4.5,47.5,0.3425247738043946,-3.3,,KC,0.372,LV,,,,
2026-09-30T21:24:35-04:00,2026-10-04T16:25:00-04:00,False,3e11adf59b,2026,4,2026_04_LAC_SEA,SEA,LAC,-7.0,42.5,0.7600000000000001,12.16,,SEA,0.835,SEA,,,,
2026-09-30T21:24:35-04:00,2026-10-04T16:25:00-04:00,False,3e11adf59b,2026,4,2026_04_DEN_SF,SF,DEN,-3.0,47.5,0.5720596355604638,7.19,,SF,0.747,SF,,,,
2026-09-30T21:24:35-04:00,2026-10-04T20:20:00-04:00,False,3e11adf59b,2026,4,2026_04_DET_CAR,CAR,DET,3.5,51.5,0.3835616438356164,-5.4,,DET,0.303,DET,,,,
2026-09-30T21:24:35-04:00,2026-10-05T20:15:00-04:00,False,3e11adf59b,2026,4,2026_04_ATL_NO,NO,ATL,-2.5,47.5,0.5720596355604638,3.12,,NO,0.621,NO,,,,
