season,week,game_id,home_team,away_team,vegas_spread,vegas_total,home_moneyline,away_moneyline,home_implied_prob
2025,16,19040,WAS,PHI,7.0,43.5,285.0,-357.0,0.24952906167244535
2025,16,19041,CHI,GB,-1.5,45.0,-119.0,100.0,0.5207877461706784
2025,16,19268,SEA,LAR,-1.5,42.5,-132.0,111.0,0.5455613883883099
2025,16,19269,BAL,NE,-3.5,48.5,-203.0,168.0,0.6422837174159426
2025,16,19270,CAR,TB,3.0,44.5,133.0,-158.0,0.41204842367521644
2025,16,19271,CLE,BUF,10.5,41.0,433.0,-591.0,0.17989966233015622
2025,16,19272,DAL,LAC,-1.0,50.5,-121.0,101.0,0.5239223627237674
2025,16,19273,NO,NYJ,-6.5,40.0,-305.0,247.0,0.7232377763351215
2025,16,19274,NYG,MIN,2.5,41.5,124.0,-146.0,0.42928940388105546
2025,16,19275,TEN,KC,3.0,37.5,146.0,-172.0,0.3912993439981586
2025,16,19276,ARI,ATL,2.5,48.0,125.0,-148.0,0.4268502581755593
2025,16,19277,DEN,JAX,-3.5,46.5,-182.0,152.0,0.6192482177576151
2025,16,19278,DET,PIT,-7.5,52.0,-405.0,318.0,0.7702352245325084
2025,16,19279,HOU,LV,-14.0,39.5,-1183.0,726.0,0.8839395074258815
2025,16,19280,MIA,CIN,3.5,48.0,165.0,-196.0,0.36301201864115773
2025,16,19281,IND,SF,4.0,46.5,188.0,-225.0,0.33401849948612544
