season,week,team,position_group,status,is_starter
2025,15,ARI,FRONT7,ir,1
2025,15,ARI,OL,questionable,1
2025,15,ARI,DB,out,1
2025,15,ARI,WR_TE,out,1
2025,15,ARI,DB,out,1
2025,15,ARI,OL,out,1
2025,15,ARI,RB,ir,1
2025,15,ARI,FRONT7,questionable,1
2025,15,ARI,RB,questionable,1
2025,15,BAL,DB,questionable,1
2025,15,BAL,FRONT7,questionable,1
2025,15,BAL,WR_TE,questionable,1
2025,15,BUF,WR_TE,questionable,1
2025,15,BUF,DB,questionable,1
2025,15,BUF,FRONT7,questionable,1
2025,15,CHI,WR_TE,questionable,1
2025,15,CIN,WR_TE,out,1
2025,15,CLE,OL,out,1
2025,15,CLE,DB,out,1
2025,15,CLE,OL,out,1
2025,15,CLE,OL,out,1
2025,15,CLE,WR_TE,out,1
2025,15,CLE,WR_TE,questionable,1
2025,15,CLE,FRONT7,questionable,1
2025,15,CLE,OL,questionable,1
2025,15,CLE,WR_TE,questionable,1
2025,15,DAL,OL,out,1
2025,15,DAL,WR_TE,questionable,1
2025,15,DAL,FRONT7,questionable,1
2025,15,DEN,OL,questionable,1
2025,15,DEN,WR_TE,out,1
2025,15,DET,DB,out,1
2025,15,DET,OL,questionable,1
2025,15,DET,RB,questionable,1
2025,15,GB,RB,questionable,1
2025,15,GB,RB,questionable,1
2025,15,GB,FRONT7,questionable,1
2025,15,HOU,FRONT7,questionable,1
2025,15,HOU,RB,questionable,1
2025,15,IND,DB,out,1
2025,15,JAX,OL,questionable,1
2025,15,JAX,WR_TE,questionable,1
2025,15,KC,DB,questionable,1
2025,15,LAC,WR_TE,questionable,1
2025,15,LAC,DB,doubtful,1
2025,15,LAC,OL,doubtful,1
2025,15,LAC,FRONT7,questionable,1
2025,15,LAR,WR_TE,questionable,1
2025,15,LV,QB,out,1
2025,15,LV,DB,questionable,1
2025,15,MIA,OL,pup,1
2025,15,MIN,OL,questionable,1
2025,15,NE,FRONT7,questionable,1
2025,15,NO,RB,out,1
2025,15,NO,DB,questionable,1
2025,15,NYG,FRONT7,questionable,1
2025,15,NYG,FRONT7,out,1
2025,15,NYJ,QB,out,1
2025,15,NYJ,WR_TE,out,1
2025,15,PHI,FRONT7,out,1
2025,15,PHI,OL,out,1
2025,15,PIT,DB,out,1
2025,15,PIT,OL,out,1
2025,15,PIT,FRONT7,out,1
2025,15,PIT,FRONT7,questionable,1
2025,15,SF,RB,questionable,1
2025,15,SF,FRONT7,out,1
2025,15,TEN,OL,questionable,1
2025,15,TEN,OL,questionable,1
2025,15,TEN,OL,questionable,1
2025,15,WAS,DB,out,1
2025,15,WAS,FRONT7,out,1
2025,15,WAS,WR_TE,questionable,1
2025,15,WAS,RB,questionable,1
2025,15,WAS,QB,out,1
